segment_id,BEAS-2B half life (h),BEAS-2B log2 steady state mRNA,Jurkat log2 steady state mRNA,WiDr log2 steady state mRNA
CN1_000001,2.00,-0.136,-0.284,-0.791
CN1_000002,1.83,-0.196,-0.304,-1.022
CN1_000003,1.93,0.042,-0.623,-0.982
CN1_000004,2.13,0.188,-0.141,-0.250
CN1_000005,3.00,0.155,0.182,-0.031
CN1_000006,1.81,-0.435,-0.609,-1.446
CN1_000007,2.01,-0.240,-0.672,-1.203
CN1_000008,2.70,-0.613,-0.783,-1.639
CN1_000009,2.46,-0.911,-1.276,-2.370
CN1_000010,2.44,-0.206,-0.496,-0.451
CN1_000011,2.94,0.372,0.774,1.123
CN1_000012,1.51,-0.926,-0.970,-1.329
CN1_000013,2.64,0.446,0.477,1.003
CN1_000014,nd,nd,nd,nd
CN1_000015,nd,0.363,-0.118,1.289
CN1_000016,nd,0.256,1.088,2.095
CN1_000017,2.06,-0.562,-0.707,-1.348
CN1_000018,3.07,0.345,0.724,1.768
CN1_000019,2.51,0.062,-0.316,-0.720
CN1_000020,2.35,-0.058,-0.316,-0.310
CN1_000021,1.83,-0.530,-0.514,-1.104
CN1_000022,2.15,0.184,0.880,1.341
CN1_000023,nd,-0.311,0.351,1.837
CN1_000024,nd,0.251,-0.005,0.420
CN1_000025,nd,-0.607,0.176,-0.379
CN1_000026,nd,-0.850,-0.337,-0.298
CN1_000027,1.89,-0.325,-0.094,-0.120
CN1_000028,2.54,0.162,0.052,-0.539
CN1_000029,nd,nd,nd,nd
CN1_000030,2.57,-0.070,-0.225,-0.419
CN1_000031,nd,-1.180,-0.787,-1.132
CN1_000032,1.93,-0.314,-0.540,-1.323
CN1_000033,2.22,-0.309,-0.338,-0.838
CN1_000034,2.70,-0.343,-0.153,-0.357
CN1_000035,nd,-0.422,nd,-2.359
CN1_000036,2.14,-0.644,-0.586,-1.721
CN1_000037,2.27,-0.980,-1.389,-2.330
CN1_000038,3.27,-0.190,-0.056,1.004
CN1_000039,3.57,-0.686,-0.532,-0.451
CN1_000040,2.39,-0.804,-0.390,-0.743
CN1_000041,2.00,-0.095,-0.152,-0.564
CN1_000042,nd,-0.091,-0.024,2.226
CN1_000043,2.37,0.302,0.295,0.503
CN1_000044,1.98,-0.244,-0.503,-1.524
CN1_000045,2.71,0.238,-0.072,-0.569
CN1_000046,nd,0.129,0.358,1.012
CN1_000047,nd,nd,nd,2.012
CN1_000048,1.60,-0.513,-0.920,-1.760
CN1_000049,2.33,-0.166,-0.573,-0.598
CN1_000050,2.50,0.041,0.192,0.158
CN1_000051,1.93,-0.328,0.106,0.022
CN1_000052,1.85,-0.698,-0.693,-1.562
CN1_000053,2.17,-0.483,-0.861,-1.054
CN1_000054,2.68,0.140,-0.057,0.355
CN1_000055,2.52,0.197,-0.428,-0.650
CN1_000056,nd,0.648,0.547,0.944
CN1_000057,2.39,nd,nd,nd
CN1_000058,3.33,-1.955,-2.140,-2.226
CN1_000059,2.56,nd,nd,nd
CN1_000060,1.83,-0.434,-0.431,-1.437
CN1_000061,1.89,-0.617,-0.731,-0.962
CN1_000062,2.29,-0.053,-0.815,-1.146
CN1_000063,2.06,-0.196,-0.382,-0.666
CN1_000064,3.12,-1.285,-2.206,-2.558
CN1_000065,1.72,-0.728,-0.928,-1.448
CN1_000066,2.09,0.069,-0.274,-0.277
CN1_000067,1.19,-1.450,-1.066,-2.725
CN1_000068,2.80,-1.446,-1.067,-0.331
CN1_000069,2.15,0.052,-0.232,-0.193
CN1_000070,nd,0.210,-0.216,0.244
CN1_000071,2.62,0.362,0.062,0.048
CN1_000072,1.92,-0.404,-0.325,-1.154
CN1_000073,nd,-0.414,-0.427,0.095
CN1_000074,2.89,0.574,0.584,0.950
CN1_000075,nd,-0.585,0.602,0.729
CN1_000076,2.19,-1.051,-0.558,-0.456
CN1_000077,nd,0.538,0.547,2.292
CN1_000078,nd,-0.412,nd,nd
CN1_000079,nd,0.634,0.975,1.655
CN1_000080,3.66,0.489,0.562,0.614
CN1_000081,nd,0.579,2.186,3.998
CN1_000082,2.85,0.537,0.137,-0.522
CN1_000083,nd,-0.062,-0.295,-0.252
CN1_000084,1.91,-0.274,-0.363,-0.819
CN1_000085,1.67,-1.569,-1.352,-1.599
CN1_000086,nd,nd,nd,nd
CN1_000087,nd,0.432,0.000,0.478
CN1_000088,2.96,0.296,0.243,0.619
CN1_000089,nd,0.419,1.024,1.391
CN1_000090,2.98,0.470,0.555,0.033
CN1_000091,3.01,0.210,0.642,1.200
CN1_000092,2.15,-0.225,-0.032,0.218
CN1_000093,3.07,0.402,0.118,0.214
CN1_000094,2.60,0.087,-0.480,0.518
CN1_000095,2.36,0.006,-0.027,-0.258
CN1_000096,2.37,-0.605,0.181,0.026
CN1_000097,nd,0.214,0.952,1.247
CN1_000098,2.11,-0.137,-0.182,-0.301
CN1_000099,2.25,-0.001,0.058,0.190
CN1_000100,2.89,0.500,0.272,0.400
CN1_000101,nd,nd,nd,nd
CN1_000102,nd,0.081,1.793,2.370
CN1_000103,nd,0.359,0.066,0.475
CN1_000104,nd,-0.097,0.812,0.864
CN1_000105,3.09,0.389,1.010,1.847
CN1_000106,3.05,-0.047,0.059,0.247
CN1_000107,2.74,-0.032,-0.798,-0.966
CN1_000108,1.95,-0.814,-0.661,-1.908
CN1_000109,1.80,-0.330,-0.945,-1.684
CN1_000110,2.86,0.018,0.103,-0.311
CN1_000111,2.16,-0.352,-0.665,-0.608
CN1_000112,2.03,-0.555,-0.843,-1.109
CN1_000113,2.39,-0.175,-0.634,-1.172
CN1_000114,1.85,-0.662,-0.475,-0.963
CN1_000115,1.94,-0.242,-0.203,-1.334
CN1_000116,1.94,-0.194,-0.174,-1.084
CN1_000117,2.91,0.285,0.184,0.144
CN1_000118,2.38,-0.193,-0.306,-0.782
CN1_000119,nd,-0.188,0.647,1.082
CN1_000120,nd,0.262,1.037,1.890
CN1_000121,2.01,-0.052,-0.133,-0.747
CN1_000122,2.70,0.111,-0.332,-1.352
CN1_000123,1.93,-0.243,-0.203,-1.012
CN1_000124,1.98,-0.089,0.116,-0.155
CN1_000125,3.03,-0.749,-1.484,-1.195
CN1_000126,2.33,-0.086,-0.287,-0.730
CN1_000127,2.95,0.299,0.084,-0.408
CN1_000128,2.14,-0.058,-0.393,-0.942
CN1_000129,1.80,-0.169,-0.477,-0.771
CN1_000130,2.73,0.004,0.341,0.225
CN1_000131,2.21,-0.068,0.123,0.128
CN1_000133,2.71,0.083,0.097,0.428
CN1_000134,1.82,-0.324,-0.305,-0.085
CN1_000135,2.73,0.074,-0.073,-0.008
CN1_000136,nd,0.543,1.667,3.006
CN1_000137,2.09,nd,nd,nd
CN1_000138,2.97,0.585,0.156,0.769
CN1_000139,1.88,-0.038,-0.717,-1.601
CN1_000140,3.73,0.533,0.344,0.683
CN1_000141,1.81,-0.145,-0.744,-0.597
CN1_000142,nd,-0.854,-1.076,-0.860
CN1_000143,nd,nd,nd,nd
CN1_000144,nd,nd,nd,nd
CN1_000145,nd,0.045,0.462,1.357
CN1_000146,nd,nd,nd,nd
CN1_000147,2.20,-0.365,-0.574,-1.289
CN1_000148,2.09,-0.421,-0.711,-1.910
CN1_000149,1.90,-0.317,-0.627,-1.378
CN1_000150,2.87,0.829,-0.263,-0.497
CN1_000151,2.20,-0.044,-0.361,-0.589
CN1_000152,2.89,-0.273,0.605,-0.047
CN1_000153,1.74,-0.499,-0.819,-1.487
CN1_000154,nd,0.266,0.313,0.396
CN1_000155,2.17,0.331,0.482,0.190
CN1_000156,2.90,-0.068,-0.100,0.237
CN1_000157,2.81,0.574,0.286,-0.299
CN1_000158,1.36,-0.987,-0.385,-0.624
CN1_000159,2.58,0.297,0.019,-0.044
CN1_000160,2.78,-0.260,0.718,0.532
CN1_000161,nd,0.305,-0.780,-1.328
CN1_000162,nd,nd,nd,nd
CN1_000163,2.91,0.089,0.086,-0.651
CN1_000164,2.69,0.171,0.321,0.588
CN1_000165,1.81,-0.245,-0.585,-1.177
CN1_000166,2.05,-1.776,-2.737,-2.462
CN1_000167,2.39,-0.246,0.863,0.773
CN1_000168,2.12,-0.119,-0.197,-0.515
CN1_000169,1.81,-0.473,-0.704,-1.997
CN1_000170,2.34,0.087,-0.103,-0.437
CN1_000171,2.22,-0.309,-0.662,-1.312
CN1_000172,2.48,0.126,-0.106,-0.564
CN1_000173,1.90,0.083,-0.642,-1.206
CN1_000174,2.42,0.083,-0.871,-0.849
CN1_000175,2.02,0.098,-0.287,-0.445
CN1_000176,1.86,-0.395,-0.811,-1.687
CN1_000177,1.96,-0.128,-0.461,-0.930
CN1_000178,2.12,-0.517,-0.922,-1.562
CN1_000179,1.99,-1.004,-0.992,-1.966
CN1_000180,1.68,-0.495,-1.173,-2.068
CN1_000181,2.46,-1.129,-1.730,-3.119
CN1_000182,2.00,-0.133,-0.305,-0.882
CN1_000183,1.59,-1.016,-0.280,-0.893
CN1_000184,3.34,-1.302,-0.839,0.079
CN1_000185,nd,-0.318,-0.856,-0.806
CN1_000186,2.65,0.316,0.713,0.776
CN1_000187,2.13,0.204,0.344,0.247
CN1_000188,nd,0.123,-0.332,-0.016
CN1_000189,nd,-0.353,0.167,0.576
CN1_000190,1.67,-0.315,-0.638,-1.527
CN1_000191,3.00,-0.178,-0.156,-0.293
CN1_000192,2.50,-0.245,-0.393,0.082
CN1_000193,1.59,-0.201,-0.026,0.428
CN1_000194,2.14,0.221,0.062,-0.300
CN1_000195,3.61,0.389,0.528,1.095
CN1_000196,nd,0.201,-0.636,1.309
CN1_000197,3.00,-4.615,-3.562,-3.820
CN1_000198,2.52,-0.004,-0.010,-0.367
CN1_000199,3.25,0.604,0.801,1.647
CN1_000200,nd,0.071,0.746,1.376
CN1_000201,nd,nd,nd,nd
CN1_000202,2.34,0.053,0.254,0.166
CN1_000203,2.89,0.321,0.143,-0.061
CN1_000204,2.62,0.025,0.187,-0.186
CN1_000205,1.93,-0.192,-0.328,-0.678
CN1_000206,2.09,-0.039,-0.080,-0.181
CN1_000207,2.89,0.127,-0.160,0.097
CN1_000208,nd,nd,nd,nd
CN1_000209,2.12,0.060,-0.086,0.254
CN1_000210,2.27,0.014,1.278,2.006
CN1_000211,1.91,-0.564,-0.624,-1.071
CN1_000212,4.05,-1.389,-1.213,-1.496
CN1_000213,1.80,-0.918,-1.384,-2.053
CN1_000214,1.84,-0.404,-0.370,-1.069
CN1_000215,2.56,0.205,-0.554,-0.409
CN1_000216,nd,-0.338,-0.881,-0.249
CN1_000217,3.29,0.683,0.031,0.068
CN1_000218,2.35,-0.108,-0.341,-0.391
CN1_000219,1.72,-0.474,-0.958,-1.517
CN1_000220,2.12,nd,nd,nd
CN1_000221,nd,-0.266,-0.435,-0.470
CN1_000222,nd,-0.102,0.595,0.999
CN1_000223,nd,nd,nd,nd
CN1_000224,2.59,0.178,0.363,0.605
CN1_000225,1.99,0.116,0.136,0.391
CN1_000226,nd,0.240,-0.116,-0.482
CN1_000227,2.13,0.032,-0.319,-0.684
CN1_000228,2.65,-0.387,-0.197,-0.441
CN1_000229,2.68,0.169,-0.191,0.760
CN1_000230,nd,-0.414,0.233,0.863
CN1_000231,1.82,-0.838,-1.164,-1.402
CN1_000232,2.27,-0.145,-1.109,-1.475
CN1_000233,2.81,nd,nd,-0.630
CN1_000234,3.12,0.287,0.592,0.433
CN1_000235,nd,0.758,0.774,1.627
CN1_000236,nd,0.223,0.652,2.344
CN1_000237,2.19,0.197,-0.089,0.315
CN1_000239,2.65,0.300,0.001,0.047
CN1_000240,2.38,0.088,-0.155,-0.785
CN1_000241,2.06,-1.525,-0.857,-0.282
CN1_000242,3.07,-0.523,-0.953,-0.465
CN1_000243,2.04,0.131,0.640,1.161
CN1_000245,1.98,0.040,0.468,0.404
CN1_000246,nd,-0.066,0.065,0.007
CN1_000247,3.20,-0.822,-1.259,-0.852
CN1_000248,nd,0.909,0.999,1.691
CN1_000249,2.65,-0.008,0.085,0.674
CN1_000250,2.28,-0.164,-0.080,0.027
CN1_000251,nd,-0.496,0.126,1.219
CN1_000252,3.44,0.789,0.659,1.658
CN1_000253,nd,-0.012,0.129,-0.056
CN1_000254,nd,-1.072,-2.024,-2.165
CN1_000255,1.52,-0.974,-0.637,-1.571
CN1_000256,2.46,-1.139,-1.511,-2.142
CN1_000257,2.16,-0.767,-0.329,-1.342
CN1_000258,1.70,-0.329,-0.668,-1.077
CN1_000259,2.69,-0.559,-0.996,-0.624
CN1_000260,2.30,-0.849,-0.771,-0.906
CN1_000261,2.09,-0.922,-0.991,-1.271
CN1_000262,2.99,-0.251,-0.426,0.311
CN1_000263,3.34,-0.178,-0.804,-1.187
CN1_000264,nd,0.074,0.622,0.526
CN1_000265,2.64,0.268,0.203,-0.049
CN1_000266,nd,-0.212,0.119,-0.516
CN1_000267,1.86,-0.747,-0.621,-1.345
CN1_000268,2.72,0.038,0.255,0.397
CN1_000269,2.36,-0.262,0.101,-0.195
CN1_000270,nd,-4.383,-4.041,-3.675
CN1_000271,2.85,-0.446,-0.481,-0.539
CN1_000272,nd,0.051,nd,0.900
CN1_000273,2.29,0.136,0.245,-0.823
CN1_000274,nd,0.071,-0.705,0.452
CN1_000275,nd,0.576,1.738,2.129
CN1_000276,1.80,-0.718,-0.613,-0.845
CN1_000277,1.89,-0.411,-0.555,-1.062
CN1_000278,nd,nd,nd,nd
CN1_000279,nd,nd,nd,nd
CN1_000280,nd,0.552,0.507,1.063
CN1_000281,2.37,0.226,-0.068,-0.094
CN1_000282,3.17,0.745,0.490,1.221
CN1_000283,2.92,0.158,0.667,0.817
CN1_000284,nd,0.465,nd,4.087
CN1_000285,2.00,-0.142,-0.365,-0.352
CN1_000286,2.60,0.083,0.514,1.143
CN1_000287,1.83,-0.333,-0.773,-0.575
CN1_000288,2.46,-0.026,-0.462,-0.564
CN1_000289,2.69,-0.037,-0.075,0.255
CN1_000290,1.92,-0.083,0.004,-0.051
CN1_000291,2.13,0.108,0.140,-0.464
CN1_000292,3.62,0.493,1.065,1.403
CN1_000293,2.71,-0.286,-0.399,-0.832
CN1_000294,nd,0.064,0.602,0.807
CN1_000295,nd,0.063,0.203,0.586
CN1_000296,nd,-0.447,-0.381,-0.092
CN1_000297,nd,0.822,1.104,1.783
CN1_000298,nd,-0.070,-0.041,0.276
CN1_000299,nd,nd,nd,nd
CN1_000300,2.34,0.078,-0.027,-0.037
CN1_000301,2.42,0.065,-0.244,-0.350
CN1_000302,2.46,-0.040,-0.105,-0.472
CN1_000303,1.91,-0.857,-0.706,-1.107
CN1_000304,nd,-0.518,-0.338,-0.031
CN1_000305,nd,0.045,-0.288,0.088
CN1_000306,2.56,0.137,-0.195,0.121
CN1_000307,1.95,-0.209,-0.165,-1.128
CN1_000308,nd,-0.304,0.261,1.297
CN1_000309,nd,0.210,1.550,2.477
CN1_000310,2.20,0.091,0.086,0.639
CN1_000311,nd,-0.969,0.635,-0.001
CN1_000312,3.08,0.417,0.798,1.137
CN1_000313,2.59,-0.127,0.185,0.234
CN1_000314,3.34,0.376,0.829,1.867
CN1_000315,2.67,-0.241,1.442,2.025
CN1_000316,nd,0.111,-0.221,0.260
CN1_000317,nd,nd,nd,nd
CN1_000318,2.74,0.340,0.050,-0.126
CN1_000319,2.73,0.173,0.007,-0.193
CN1_000320,nd,-0.191,nd,3.685
CN1_000321,2.81,0.117,-0.387,-0.567
CN1_000322,2.39,0.044,-0.217,-0.129
CN1_000323,1.83,-0.264,-0.748,-0.331
CN1_000324,nd,nd,nd,nd
CN1_000325,3.83,0.223,-0.374,-0.378
CN1_000326,3.17,0.418,0.981,2.056
CN1_000327,nd,-0.158,0.975,0.712
CN1_000328,2.30,-0.378,-1.174,-1.545
CN1_000329,1.76,-0.334,-0.754,-1.349
CN1_000330,1.91,-0.438,-1.192,-1.600
CN1_000331,2.25,-0.032,0.109,0.101
CN1_000332,nd,0.701,0.576,0.919
CN1_000333,nd,-0.204,0.042,0.560
CN1_000334,2.72,0.209,0.406,-0.097
CN1_000336,3.05,-2.434,1.253,2.265
CN1_000337,2.80,0.303,0.212,0.029
CN1_000338,2.32,-0.102,-0.546,-0.623
CN1_000339,3.27,0.519,0.436,-0.178
CN1_000340,nd,0.034,0.825,1.176
CN1_000341,2.11,-0.476,-0.429,-1.069
CN1_000342,nd,0.487,1.372,1.954
CN1_000343,2.86,-0.169,-0.051,-0.060
CN1_000344,2.20,-0.164,-0.664,-1.145
CN1_000345,1.99,-0.250,-0.170,-0.163
CN1_000346,nd,nd,nd,nd
CN1_000347,nd,-0.921,0.856,1.540
CN1_000348,3.12,nd,nd,nd
CN1_000349,2.64,0.394,0.606,0.493
CN1_000350,1.82,-0.405,-0.643,-1.446
CN1_000351,1.80,-0.421,-0.663,-1.346
CN1_000352,nd,nd,nd,nd
CN1_000353,2.15,-0.028,-0.146,-0.498
CN1_000354,2.28,-0.302,-0.444,-0.524
CN1_000355,2.81,-0.243,-0.480,0.330
CN1_000356,2.68,0.117,0.575,0.934
CN1_000357,2.86,-0.043,-0.436,-0.138
CN1_000358,2.98,0.632,0.257,0.544
CN1_000359,nd,-0.262,-0.353,-0.268
CN1_000360,1.78,-0.354,-0.569,-1.083
CN1_000361,2.87,0.278,0.156,0.220
CN1_000362,3.57,-3.726,-3.954,-4.119
CN1_000363,4.45,0.724,0.732,0.837
CN1_000364,1.95,-0.297,-0.609,-0.934
CN1_000365,nd,-1.160,-0.738,-1.588
CN1_000366,nd,-0.099,-0.006,0.786
CN1_000367,nd,0.348,-0.032,0.802
CN1_000368,2.23,-0.117,0.712,0.722
CN1_000369,2.08,-0.929,-0.652,-1.396
CN1_000370,2.28,0.338,-1.226,-0.371
CN1_000371,2.06,-0.139,-0.340,-0.582
CN1_000372,1.66,-0.463,-0.756,-1.630
CN1_000374,nd,-0.181,-0.398,-0.153
CN1_000375,nd,nd,nd,nd
CN1_000376,nd,-0.326,0.793,0.397
CN1_000377,2.29,nd,nd,nd
CN1_000378,2.25,-0.172,-0.205,-0.799
CN1_000379,nd,0.325,0.899,1.746
CN1_000380,2.09,-0.137,-0.058,-0.704
CN1_000381,2.65,0.131,0.335,0.798
CN1_000382,3.06,0.241,0.337,0.354
CN1_000383,nd,-0.337,-0.142,0.204
CN1_000384,4.34,0.863,1.149,1.542
CN1_000385,nd,0.461,1.404,2.879
CN1_000386,nd,-0.199,0.748,1.256
CN1_000387,2.59,-1.144,0.640,1.320
CN1_000388,nd,0.169,0.039,-0.350
CN1_000389,nd,0.331,0.484,1.281
CN1_000390,nd,-0.327,0.164,0.187
CN1_000391,nd,0.444,0.132,0.590
CN1_000392,2.70,0.081,-0.396,0.149
CN1_000393,2.99,0.209,0.326,0.153
CN1_000394,nd,0.143,1.370,2.095
CN1_000395,3.13,0.696,0.495,1.029
CN1_000396,2.25,-0.069,-0.240,-0.932
CN1_000397,2.07,-0.123,-0.520,-0.693
CN1_000398,2.13,-0.179,-0.403,-0.793
CN1_000399,1.88,-0.443,-0.366,-1.020
CN1_000400,3.19,0.635,0.394,0.659
CN1_000401,2.37,-0.162,-0.460,-0.496
CN1_000402,nd,0.113,-0.300,-0.448
CN1_000403,2.45,-0.367,-0.785,-0.105
CN1_000404,1.79,-0.858,-0.242,-0.461
CN1_000405,2.38,-0.591,-0.977,-2.117
CN1_000407,nd,-0.241,0.227,0.512
CN1_000408,2.13,-0.947,-1.542,-2.170
CN1_000409,2.02,-0.387,-0.883,-1.552
CN1_000411,2.43,0.280,-0.110,-0.686
CN1_000412,nd,nd,nd,nd
CN1_000413,nd,nd,nd,nd
CN1_000414,2.77,nd,nd,nd
CN1_000415,1.96,-0.309,0.017,-0.156
CN1_000416,3.05,0.342,0.703,1.059
CN1_000417,2.28,-0.976,-1.370,-2.688
CN1_000418,1.90,-0.963,-1.113,-2.418
CN1_000419,2.72,0.002,-0.101,-0.682
CN1_000420,2.02,-0.002,-0.366,-0.195
CN1_000421,3.14,0.023,0.525,1.534
CN1_000422,1.76,-0.604,-1.516,-1.996
CN1_000423,2.98,0.413,0.078,0.333
CN1_000424,2.78,0.203,-0.275,0.279
CN1_000425,2.09,-0.092,-0.293,-0.752
CN1_000426,nd,0.496,0.773,1.260
CN1_000427,nd,-0.559,-0.857,0.137
CN1_000428,nd,0.325,0.735,1.949
CN1_000429,3.14,0.184,0.417,0.807
CN1_000430,2.55,0.098,0.409,0.506
CN1_000431,2.10,-0.233,-0.399,-1.176
CN1_000432,nd,nd,nd,nd
CN1_000433,nd,0.465,0.552,0.399
CN1_000434,2.62,0.044,-0.003,-1.131
CN1_000435,1.87,-0.511,-0.611,-1.435
CN1_000436,2.06,-0.674,-0.872,-1.630
CN1_000437,1.65,-0.551,-1.154,-1.966
CN1_000438,2.09,-0.153,-0.295,-0.425
CN1_000439,3.38,0.244,0.385,0.673
CN1_000440,2.20,-0.021,0.126,0.108
CN1_000441,2.31,0.049,-0.206,-0.809
CN1_000442,nd,-0.313,0.343,1.209
CN1_000443,2.15,-0.738,-0.067,-0.237
CN1_000444,2.41,-0.025,0.003,-0.040
CN1_000445,2.46,0.171,-0.108,-0.179
CN1_000446,nd,0.691,0.739,1.080
CN1_000447,nd,-0.046,0.258,0.407
CN1_000448,2.77,0.512,0.651,0.633
CN1_000449,2.80,0.558,0.000,-0.168
CN1_000450,2.03,-0.247,-0.094,-0.521
CN1_000451,nd,nd,nd,nd
CN1_000452,2.12,-0.034,-0.798,-0.676
CN1_000453,2.41,0.098,-0.058,-0.128
CN1_000454,2.19,-0.251,0.160,0.250
CN1_000456,2.42,-0.164,0.501,0.538
CN1_000457,nd,-0.886,1.017,1.307
CN1_000458,nd,0.239,2.698,4.535
CN1_000459,nd,nd,nd,nd
CN1_000460,3.32,0.558,0.090,-0.575
CN1_000461,2.00,-0.754,-0.566,-1.259
CN1_000462,nd,0.357,0.696,1.060
CN1_000463,2.58,0.237,0.602,0.586
CN1_000464,2.65,0.127,0.278,-0.183
CN1_000465,nd,-0.343,1.098,1.868
CN1_000466,2.60,0.237,0.140,-0.345
CN1_000467,2.12,-0.287,-0.831,-0.887
CN1_000468,2.11,-0.025,-0.218,0.022
CN1_000469,2.01,-0.030,0.324,1.162
CN1_000470,2.22,-0.390,-0.131,-0.163
CN1_000471,2.93,0.400,1.042,1.241
CN1_000472,nd,-0.056,0.093,0.420
CN1_000473,nd,0.158,0.027,0.082
CN1_000475,nd,0.492,0.430,0.013
CN1_000476,nd,0.184,0.170,0.782
CN1_000477,2.42,-0.032,-0.546,-0.637
CN1_000478,nd,0.680,nd,nd
CN1_000479,2.47,0.215,-0.147,-0.713
CN1_000480,1.81,-0.595,-0.282,0.243
CN1_000481,nd,0.892,1.330,2.009
CN1_000482,1.58,-0.408,-0.582,-0.624
CN1_000483,1.84,-0.668,-0.578,-1.217
CN1_000484,nd,0.075,0.895,2.012
CN1_000485,2.03,-0.205,-0.301,-0.367
CN1_000486,1.85,-0.443,-0.037,0.132
CN1_000487,1.85,-0.935,-0.866,-1.331
CN1_000488,nd,0.068,-0.146,0.033
CN1_000489,2.61,0.163,0.036,-0.078
CN1_000490,1.84,-0.836,-0.300,-0.905
CN1_000491,2.21,-0.221,0.271,0.872
CN1_000492,1.68,-0.611,-0.390,-1.597
CN1_000493,2.68,0.089,-0.254,-0.374
CN1_000494,nd,0.662,0.138,1.373
CN1_000495,2.49,0.100,0.007,0.143
CN1_000496,2.52,0.252,1.074,1.843
CN1_000497,2.46,0.110,-0.577,-1.375
CN1_000498,nd,0.421,0.268,0.898
CN1_000499,1.99,nd,,
CN1_000500,2.25,-0.359,0.344,0.090
CN1_000501,2.37,0.057,-0.341,-0.405
CN1_000502,2.77,-0.255,-0.834,-1.701
CN1_000503,nd,0.721,0.674,1.001
CN1_000504,2.25,0.072,-0.148,-0.014
CN1_000505,nd,-0.248,-0.396,-0.860
CN1_000507,2.81,0.037,0.342,0.534
CN1_000508,nd,-0.025,0.069,0.479
CN1_000509,2.12,0.175,0.069,-0.133
CN1_000510,2.66,0.407,0.381,0.359
CN1_000511,2.99,-0.156,0.153,0.480
CN1_000512,2.27,0.059,0.587,0.908
CN1_000513,nd,-0.028,nd,3.335
CN1_000514,2.21,0.044,-0.161,-0.471
CN1_000515,3.21,0.412,-0.811,-0.149
CN1_000516,1.62,-0.925,-0.577,-2.077
CN1_000517,2.96,0.251,0.097,-0.355
CN1_000518,2.06,-0.306,-0.412,-0.060
CN1_000519,3.21,0.148,-0.059,0.375
CN1_000520,3.21,0.287,0.793,1.329
CN1_000521,2.75,-1.687,-1.465,-0.435
CN1_000522,3.03,0.113,0.216,0.703
CN1_000523,2.11,-1.454,-2.109,-2.990
CN1_000524,2.59,-0.136,-0.211,-0.725
CN1_000525,nd,-0.281,0.796,1.583
CN1_000526,2.87,0.437,0.074,0.382
CN1_000527,2.70,-0.809,0.125,-0.981
CN1_000528,2.72,0.035,-0.122,0.432
CN1_000529,2.59,0.039,-0.067,-0.080
CN1_000530,nd,-0.172,0.210,0.619
CN1_000531,nd,0.319,-0.108,0.385
CN1_000532,nd,0.519,0.578,1.011
CN1_000533,nd,0.230,0.268,0.446
CN1_000534,2.80,-0.085,-0.574,-0.089
CN1_000535,nd,-0.142,0.452,1.175
CN1_000536,nd,0.417,0.091,0.664
CN1_000537,nd,0.139,0.133,0.227
CN1_000538,nd,0.622,0.440,0.494
CN1_000539,3.02,0.349,0.262,0.490
CN1_000540,2.36,-0.023,-0.456,-0.186
CN1_000541,3.86,-2.924,-3.386,-4.114
CN1_000542,2.55,-1.132,-1.061,-1.494
CN1_000543,2.26,nd,nd,nd
CN1_000544,nd,nd,nd,nd
CN1_000545,2.97,-0.354,-0.134,0.502
CN1_000546,2.18,-0.194,-0.092,-0.397
CN1_000547,2.43,0.263,-0.298,-0.781
CN1_000548,2.26,0.096,-0.449,-0.220
CN1_000549,2.08,-0.219,-0.718,-1.683
CN1_000550,1.92,-0.850,-1.332,-2.259
CN1_000551,1.54,-0.753,-0.295,-0.947
CN1_000552,1.81,-0.445,-0.807,-1.616
CN1_000553,nd,-0.566,0.439,0.162
CN1_000554,nd,-0.612,nd,2.679
CN1_000555,nd,0.143,0.448,0.757
CN1_000556,nd,0.085,0.405,1.841
CN1_000557,2.77,0.482,0.167,-0.258
CN1_000558,nd,-0.009,nd,nd
CN1_000559,2.26,0.084,-0.129,-0.403
CN1_000560,2.46,-0.087,0.219,0.557
CN1_000561,2.24,nd,-0.251,-1.418
CN1_000562,2.62,0.104,0.213,-0.057
CN1_000563,2.53,0.352,-0.521,-0.480
CN1_000564,2.19,-0.146,-0.472,-0.288
CN1_000565,nd,nd,nd,nd
CN1_000566,nd,-0.539,1.454,1.381
CN1_000567,2.98,-1.574,-1.648,-1.414
CN1_000568,3.03,0.379,0.429,0.383
CN1_000569,2.84,0.324,0.550,0.383
CN1_000570,2.77,0.508,0.599,1.051
CN1_000571,3.40,0.071,-0.221,0.179
CN1_000572,1.84,0.036,-0.033,-0.241
CN1_000573,3.17,0.590,1.036,1.437
CN1_000574,2.12,-0.107,-0.578,-0.782
CN1_000575,1.78,-0.830,-0.786,-0.779
CN1_000576,2.29,0.054,-0.308,-0.165
CN1_000577,3.08,0.496,0.627,1.015
CN1_000579,2.08,-0.159,-0.340,-0.012
CN1_000580,nd,nd,nd,nd
CN1_000581,3.00,-1.959,-1.510,-1.840
CN1_000582,2.18,-0.040,-0.194,-0.698
CN1_000583,3.31,0.232,0.602,0.509
CN1_000584,2.99,0.032,0.355,-0.073
CN1_000585,2.30,0.333,-0.304,-0.387
CN1_000586,3.10,0.432,0.276,0.314
CN1_000587,4.13,0.548,0.537,-0.222
CN1_000588,nd,nd,nd,nd
CN1_000589,nd,0.251,0.133,0.835
CN1_000590,2.54,-0.836,-0.456,0.409
CN1_000591,2.95,0.830,0.060,0.665
CN1_000592,nd,-0.269,0.555,0.425
CN1_000593,2.49,0.092,0.298,0.183
CN1_000594,2.19,-0.273,0.183,-0.112
CN1_000595,3.55,0.043,0.132,0.808
CN1_000596,nd,0.388,0.893,1.895
CN1_000597,2.31,-0.040,-0.249,0.257
CN1_000598,nd,-0.079,2.392,2.314
CN1_000599,nd,0.052,0.417,0.226
CN1_000600,nd,0.541,1.593,3.329
CN1_000601,2.80,0.287,-0.095,-0.956
CN1_000602,nd,-0.383,0.795,2.318
CN1_000603,2.13,0.047,0.185,0.187
CN1_000604,1.93,-0.094,-0.520,-0.956
CN1_000605,2.95,-1.324,-1.212,-2.379
CN1_000606,2.71,0.440,0.019,0.558
CN1_000607,3.21,-0.528,-0.173,-0.051
CN1_000608,nd,0.117,0.367,1.978
CN1_000609,nd,0.303,1.529,2.338
CN1_000610,nd,0.751,1.703,1.889
CN1_000611,2.97,0.687,0.312,0.347
CN1_000612,2.24,-0.284,-0.391,-0.831
CN1_000613,nd,0.255,0.688,0.830
CN1_000614,2.46,0.184,-0.778,-0.351
CN1_000615,nd,nd,nd,nd
CN1_000616,nd,0.178,0.049,0.193
CN1_000617,1.80,0.034,-0.813,-1.044
CN1_000618,2.76,0.296,0.201,0.180
CN1_000619,2.36,0.065,0.319,0.042
CN1_000620,1.99,-0.736,0.661,0.280
CN1_000621,nd,0.598,0.598,1.703
CN1_000622,2.15,-0.045,-0.196,-0.546
CN1_000623,nd,-0.549,1.120,1.520
CN1_000624,nd,nd,nd,nd
CN1_000625,1.90,-0.213,-0.336,-0.929
CN1_000626,2.66,0.505,0.551,0.618
CN1_000627,2.47,0.193,-0.660,-0.853
CN1_000628,nd,0.320,1.010,1.162
CN1_000629,nd,-1.761,1.324,1.598
CN1_000630,3.48,0.589,1.178,1.952
CN1_000631,1.81,-0.143,-0.166,-0.541
CN1_000632,2.14,-0.445,-0.943,-2.297
CN1_000633,nd,nd,nd,-0.291
CN1_000634,1.62,-1.126,-0.813,-0.982
CN1_000635,1.81,-0.039,0.178,-0.133
CN1_000636,1.63,-0.679,-0.529,-1.386
CN1_000637,1.93,nd,nd,nd
CN1_000638,2.52,0.026,0.175,0.323
CN1_000639,2.65,-1.227,-0.893,-0.774
CN1_000640,2.70,0.127,0.280,0.330
CN1_000641,2.35,0.045,0.000,-0.294
CN1_000642,nd,-0.526,-1.307,-1.007
CN1_000643,1.91,-0.079,-0.238,0.153
CN1_000644,2.69,0.319,-0.324,-0.141
CN1_000645,1.71,-0.415,-0.285,-0.027
CN1_000646,nd,-1.517,2.627,1.463
CN1_000647,3.64,0.222,0.449,0.249
CN1_000648,2.48,-0.340,0.154,-0.683
CN1_000649,2.13,0.371,0.229,0.089
CN1_000650,nd,-0.201,0.684,0.964
CN1_000651,3.28,-0.080,-0.318,0.701
CN1_000652,nd,nd,nd,4.939
CN1_000653,nd,nd,nd,nd
CN1_000654,nd,0.837,0.472,0.661
CN1_000655,1.84,-0.798,-0.484,-0.926
CN1_000656,1.69,-0.755,-0.326,-0.997
CN1_000657,1.94,-0.720,-0.624,-0.980
CN1_000658,1.60,-0.513,-0.752,-1.337
CN1_000659,2.66,-0.960,-1.163,-1.996
CN1_000660,3.09,-0.722,0.064,0.116
CN1_000661,nd,1.168,2.180,3.376
CN1_000662,2.20,-0.186,-0.353,-0.351
CN1_000663,3.32,0.554,0.753,0.479
CN1_000664,2.51,0.025,-0.503,-0.624
CN1_000665,nd,nd,nd,nd
CN1_000666,nd,0.073,0.678,0.708
CN1_000667,3.34,0.542,0.588,1.481
CN1_000668,3.54,0.973,1.505,2.085
CN1_000669,1.81,-0.694,-0.634,-1.329
CN1_000670,nd,0.099,0.102,0.918
CN1_000671,nd,0.432,0.332,1.099
CN1_000672,nd,0.657,1.011,1.146
CN1_000673,2.82,0.264,1.010,1.312
CN1_000674,nd,0.319,0.597,1.514
CN1_000675,nd,-0.060,1.223,1.726
CN1_000676,2.77,0.095,0.333,-0.231
CN1_000677,2.10,0.196,-0.330,-0.859
CN1_000678,2.92,0.277,0.951,1.882
CN1_000679,3.56,-0.310,-0.862,-0.634
CN1_000680,nd,0.104,2.713,4.204
CN1_000681,3.75,0.804,1.663,2.663
CN1_000682,2.66,0.295,0.222,0.677
CN1_000683,nd,0.144,0.721,0.370
CN1_000684,3.73,0.851,0.582,1.386
CN1_000685,2.71,0.062,0.451,0.069
CN1_000686,2.17,0.063,-0.065,-0.837
CN1_000687,nd,-0.502,-0.074,0.414
CN1_000688,nd,0.040,0.586,1.271
CN1_000689,2.43,-0.342,0.085,-0.505
CN1_000690,nd,nd,nd,nd
CN1_000691,nd,-0.189,0.485,0.710
CN1_000692,2.76,-0.481,0.503,0.282
CN1_000693,2.46,0.138,0.201,0.204
CN1_000694,2.25,0.158,0.035,0.020
CN1_000695,nd,0.645,1.726,2.081
CN1_000696,1.87,0.065,0.122,0.603
CN1_000697,2.06,-0.527,-0.334,-0.809
CN1_000698,3.49,0.339,0.875,0.994
CN1_000699,1.85,-0.234,0.342,0.324
CN1_000700,3.05,-0.246,-0.025,0.594
CN1_000701,2.74,0.105,0.361,0.819
CN1_000702,1.42,-0.830,-0.793,-1.365
CN1_000703,nd,-0.483,2.901,3.489
CN1_000704,1.89,-0.477,-0.671,-2.192
CN1_000705,2.70,0.011,-0.058,-0.939
CN1_000706,2.78,0.296,0.135,0.071
CN1_000707,nd,0.379,0.854,1.852
CN1_000708,2.37,0.039,-0.209,-0.422
CN1_000709,2.89,0.147,0.036,0.324
CN1_000710,nd,-0.371,-0.640,-0.738
CN1_000711,nd,0.643,0.584,0.450
CN1_000712,2.18,-0.101,-0.239,0.070
CN1_000713,nd,nd,nd,nd
CN1_000714,nd,0.542,0.499,0.896
CN1_000715,2.60,0.012,0.045,-0.430
CN1_000716,2.72,-0.026,-0.109,0.461
CN1_000717,2.73,-0.503,-0.741,-0.400
CN1_000718,nd,-0.293,-0.237,-0.042
CN1_000719,nd,0.614,0.898,2.098
CN1_000720,nd,0.441,0.892,0.651
CN1_000721,2.92,0.509,0.814,1.009
CN1_000722,nd,-1.604,-0.735,-0.021
CN1_000723,nd,-1.352,-1.921,-1.744
CN1_000724,nd,0.023,0.522,0.875
CN1_000725,2.46,-0.211,-0.520,-0.882
CN1_000726,2.41,-0.173,0.022,-0.483
CN1_000727,3.02,0.039,0.211,0.658
CN1_000728,2.46,-0.100,-0.238,-0.866
CN1_000729,nd,0.047,0.348,0.293
CN1_000730,3.04,-0.244,0.256,0.686
CN1_000731,2.16,0.306,-0.208,-0.271
CN1_000732,2.90,0.296,0.586,1.014
CN1_000733,nd,0.399,0.507,0.860
CN1_000734,1.86,-0.160,-0.208,-0.514
CN1_000735,nd,0.101,0.618,1.035
CN1_000736,1.83,-0.365,-0.683,-1.256
CN1_000737,2.99,0.139,0.744,1.114
CN1_000738,nd,0.151,-0.144,0.787
CN1_000739,2.78,-0.156,-0.039,-0.535
CN1_000740,2.06,-0.198,-0.575,-1.553
CN1_000741,3.10,0.402,0.232,0.472
CN1_000742,nd,0.530,0.477,1.306
CN1_000743,1.86,0.265,-0.118,0.025
CN1_000744,1.75,-0.516,-0.531,-1.868
CN1_000745,nd,0.427,0.896,0.415
CN1_000746,nd,0.637,1.195,1.654
CN1_000747,2.46,-0.114,0.392,0.399
CN1_000748,nd,-0.692,1.235,1.598
CN1_000749,2.03,-0.143,0.133,0.190
CN1_000750,2.33,-0.071,0.069,0.154
CN1_000751,nd,0.154,0.675,0.370
CN1_000752,2.68,0.666,-0.052,-0.248
CN1_000753,2.35,0.072,-0.483,-0.686
CN1_000754,nd,0.267,0.414,0.590
CN1_000755,2.26,-0.160,-0.189,-0.629
CN1_000756,nd,-0.129,1.331,1.159
CN1_000757,nd,-0.640,-0.398,-0.508
CN1_000758,nd,0.290,1.191,1.599
CN1_000759,nd,0.430,nd,2.244
CN1_000760,nd,-0.651,-0.461,-0.371
CN1_000761,2.46,0.175,-0.474,-0.718
CN1_000762,2.46,-0.180,-0.105,0.340
CN1_000763,nd,0.182,0.422,1.705
CN1_000764,nd,0.715,1.108,2.323
CN1_000765,1.94,-0.111,-0.996,-0.689
CN1_000766,1.82,0.051,-0.877,0.002
CN1_000767,3.39,0.793,0.291,0.508
CN1_000768,nd,0.240,0.738,1.755
CN1_000769,1.80,-0.181,-0.530,-1.418
CN1_000770,3.22,0.396,0.891,0.077
CN1_000771,1.76,-1.147,-0.772,-1.571
CN1_000772,nd,0.392,0.459,1.725
CN1_000773,nd,0.911,3.467,4.629
CN1_000774,2.77,0.215,0.168,0.612
CN1_000775,2.41,-0.147,0.676,1.384
CN1_000776,2.53,0.163,0.366,-0.091
CN1_000777,2.01,-0.144,-0.227,-0.784
CN1_000778,1.60,0.060,-0.406,-1.031
CN1_000779,1.85,-0.746,-0.614,-1.665
CN1_000780,2.06,-1.117,-1.242,-1.999
CN1_000781,4.11,-1.374,-1.765,-2.601
CN1_000782,nd,0.483,0.596,1.855
CN1_000783,3.08,0.598,0.484,0.236
CN1_000784,2.66,0.107,-0.154,-0.654
CN1_000785,2.80,0.090,0.345,0.253
CN1_000786,4.24,0.548,0.947,2.080
CN1_000787,3.13,-0.264,0.401,0.509
CN1_000788,nd,0.224,-0.211,1.124
CN1_000789,nd,0.369,0.098,0.360
CN1_000790,2.26,0.156,-0.201,-0.589
CN1_000791,2.35,0.060,-0.159,-0.601
CN1_000792,2.94,-0.009,0.542,0.355
CN1_000793,1.54,-1.414,0.034,0.987
CN1_000794,2.16,-0.330,-0.714,-1.070
CN1_000795,1.76,-0.691,-0.324,-1.785
CN1_000796,3.00,0.019,-0.225,-0.266
CN1_000797,2.35,-0.023,0.247,-0.058
CN1_000798,2.95,0.036,-0.063,-0.273
CN1_000799,2.72,0.084,0.380,0.677
CN1_000800,nd,0.278,0.215,0.330
CN1_000801,nd,-0.165,0.326,0.330
CN1_000802,nd,-0.096,0.725,1.303
CN1_000803,nd,0.003,0.372,0.798
CN1_000804,nd,0.304,nd,1.053
CN1_000805,2.76,0.076,-0.043,-0.146
CN1_000806,2.88,-0.022,-0.337,0.452
CN1_000807,3.34,-0.120,-0.526,-0.673
CN1_000808,nd,-0.822,-1.277,-1.068
CN1_000809,3.09,0.466,0.342,0.047
CN1_000810,2.74,0.022,0.071,0.274
CN1_000811,1.95,-0.433,0.478,0.163
CN1_000812,2.20,-0.143,-0.441,-0.832
CN1_000813,2.28,-0.137,-0.287,-0.662
CN1_000814,3.07,0.332,0.421,0.492
CN1_000815,nd,-0.540,1.484,0.722
CN1_000816,nd,0.112,0.575,0.491
CN1_000817,2.75,-0.165,-0.203,-0.435
CN1_000818,2.56,-0.031,-0.127,-1.139
CN1_000819,3.09,0.432,0.507,0.954
CN1_000820,nd,-0.023,0.377,1.509
CN1_000821,nd,0.255,1.183,1.923
CN1_000822,2.77,0.130,0.113,-0.130
CN1_000823,nd,-0.032,0.091,0.441
CN1_000824,2.10,-0.291,-0.254,-1.083
CN1_000825,nd,nd,nd,nd
CN1_000826,3.17,0.402,0.331,0.527
CN1_000827,2.71,0.130,0.386,-0.061
CN1_000828,2.94,0.612,0.852,1.559
CN1_000829,nd,0.062,1.139,1.600
CN1_000830,1.77,nd,nd,nd
CN1_000831,3.24,-0.914,-1.296,-2.026
CN1_000832,2.01,-0.859,-0.488,-0.676
CN1_000833,1.98,nd,,
CN1_000834,2.21,0.041,-0.666,-1.499
CN1_000835,2.61,0.215,-0.114,-0.910
CN1_000836,2.06,-0.517,-0.736,-0.967
CN1_000837,2.05,0.063,-0.529,-0.499
CN1_000838,nd,0.317,-0.047,0.356
CN1_000839,3.26,-0.404,-0.393,-0.377
CN1_000840,2.93,0.047,0.125,0.205
CN1_000841,2.64,0.449,0.140,-0.089
CN1_000842,nd,nd,nd,1.262
CN1_000843,nd,-0.199,-0.272,0.235
CN1_000844,1.84,-0.561,-0.743,-2.039
CN1_000845,2.15,nd,nd,nd
CN1_000846,1.99,-0.108,-0.567,-1.323
CN1_000847,1.92,0.128,-0.573,-1.004
CN1_000848,2.74,-0.061,-0.776,-0.256
CN1_000849,nd,-0.440,nd,3.985
CN1_000850,2.65,0.238,-0.050,-0.029
CN1_000851,2.36,-0.359,0.263,-0.028
CN1_000852,1.81,-0.440,-1.005,-0.663
CN1_000853,nd,nd,nd,nd
CN1_000854,2.89,-0.956,-0.784,0.168
CN1_000855,nd,nd,nd,nd
CN1_000856,nd,nd,nd,nd
CN1_000857,2.78,0.279,0.208,0.476
CN1_000858,2.26,-0.500,-0.959,-1.901
CN1_000859,2.74,0.524,0.370,0.481
CN1_000860,2.37,-0.245,0.545,-0.033
CN1_000861,nd,0.139,0.753,0.919
CN1_000862,2.95,0.502,0.260,0.388
CN1_000863,2.06,-0.216,-0.450,-1.030
CN1_000864,nd,0.768,1.346,2.402
CN1_000865,2.17,-0.220,-0.616,-3.123
CN1_000866,1.77,-0.460,-0.307,-1.012
CN1_000867,2.73,-0.050,-0.262,-0.054
CN1_000868,2.12,-0.617,-0.629,-1.338
CN1_000869,2.46,-0.474,-0.436,-1.802
CN1_000870,2.91,0.301,0.198,0.285
CN1_000871,1.97,-0.031,-0.033,0.373
CN1_000872,2.46,0.268,0.057,0.222
CN1_000873,2.53,0.149,0.314,0.674
CN1_000874,nd,-0.123,-0.649,-0.880
CN1_000875,2.87,0.539,0.008,-0.181
CN1_000876,3.99,0.399,0.480,0.462
CN1_000877,2.56,0.493,0.115,-0.407
CN1_000878,2.24,0.314,-0.270,-1.119
CN1_000879,2.33,-0.077,-0.624,-0.801
CN1_000880,2.12,-0.163,-0.323,-0.687
CN1_000881,2.70,-0.143,0.482,-0.569
CN1_000882,1.64,-0.688,-0.750,-1.826
CN1_000883,3.43,0.738,0.585,0.924
CN1_000884,nd,0.620,1.442,2.066
CN1_000885,3.31,0.235,0.503,0.762
CN1_000886,nd,0.003,-0.336,0.232
CN1_000887,1.83,-1.408,-0.997,-0.939
CN1_000888,3.17,-0.063,-0.527,-0.442
CN1_000889,2.52,-0.058,-0.231,-1.179
CN1_000890,3.35,0.912,0.807,1.076
CN1_000891,2.72,0.084,-0.129,-0.781
CN1_000892,1.66,-0.266,1.237,1.456
CN1_000893,2.66,0.021,0.389,-0.511
CN1_000894,2.25,0.249,-0.024,-0.248
CN1_000895,nd,0.050,0.392,1.490
CN1_000896,3.08,0.493,0.258,0.020
CN1_000897,nd,nd,1.264,0.892
CN1_000898,2.84,-0.081,-0.301,-0.262
CN1_000899,2.54,-0.106,-1.187,-1.566
CN1_000900,2.08,-0.127,-0.430,-1.259
CN1_000901,2.19,-0.125,-0.406,-1.162
CN1_000902,1.87,-0.360,-0.228,-0.097
CN1_000903,2.33,0.135,0.121,-0.303
CN1_000904,3.05,0.449,0.191,0.219
CN1_000905,3.12,0.494,0.578,0.714
CN1_000906,2.38,0.112,-0.378,-0.713
CN1_000907,2.24,0.331,-0.339,-0.485
CN1_000908,nd,-0.015,0.062,0.476
CN1_000909,1.46,-1.304,-0.930,-1.279
CN1_000910,3.23,0.291,1.330,2.334
CN1_000911,nd,0.430,0.790,1.244
CN1_000912,nd,0.244,1.129,1.547
CN1_000913,nd,0.066,0.278,0.964
CN1_000914,2.14,-0.270,0.472,-0.253
CN1_000915,2.95,-0.064,-0.052,-0.287
CN1_000916,2.34,-0.004,-0.645,-0.903
CN1_000917,2.63,-1.153,-1.134,-0.570
CN1_000918,2.25,-1.958,-1.945,-2.325
CN1_000919,nd,-0.621,0.154,0.267
CN1_000920,1.67,-0.608,-0.324,-1.261
CN1_000921,2.99,0.140,-0.030,-0.004
CN1_000922,1.98,-0.161,-0.215,-0.089
CN1_000923,2.89,0.110,0.369,0.651
CN1_000924,2.58,-0.081,-0.186,0.215
CN1_000925,3.56,-0.226,-1.074,-0.915
CN1_000926,2.77,-0.211,-0.204,0.057
CN1_000927,nd,0.272,0.439,0.621
CN1_000928,nd,-0.168,-0.108,-0.330
CN1_000929,2.87,-0.374,-0.736,-0.560
CN1_000930,nd,0.105,0.641,0.798
CN1_000931,2.77,-0.060,-0.374,-0.306
CN1_000932,2.85,0.591,0.271,0.843
CN1_000933,2.41,0.245,0.205,0.635
CN1_000934,nd,-0.200,0.278,1.736
CN1_000935,3.69,0.798,0.635,1.173
CN1_000936,2.89,0.416,0.393,0.704
CN1_000937,2.73,0.044,0.275,-0.243
CN1_000938,nd,-1.487,-1.147,1.342
CN1_000939,2.83,0.252,0.396,0.526
CN1_000940,2.77,-0.226,-0.212,-0.162
CN1_000941,nd,-0.645,nd,nd
CN1_000942,3.20,-0.162,0.070,0.145
CN1_000943,nd,-0.041,0.202,0.644
CN1_000944,2.15,-0.980,0.818,0.888
CN1_000945,2.25,-0.153,-0.277,-0.676
CN1_000946,1.86,-0.281,0.698,1.289
CN1_000947,2.07,-0.120,-0.246,-0.148
CN1_000948,2.94,0.076,0.561,1.753
CN1_000949,2.84,0.217,-0.159,-0.117
CN1_000950,2.56,-0.089,1.128,2.012
CN1_000952,2.78,-0.666,-0.464,-0.101
CN1_000953,nd,-0.845,1.350,3.050
CN1_000954,2.37,0.250,0.318,0.358
CN1_000955,nd,-0.128,0.404,0.093
CN1_000956,2.12,-0.055,-0.536,-1.222
CN1_000957,1.91,-0.273,-0.676,-1.902
CN1_000958,2.82,0.584,0.414,0.473
CN1_000959,2.58,0.167,0.763,0.694
CN1_000960,2.33,0.149,0.041,-0.563
CN1_000961,2.52,0.080,-0.193,-0.053
CN1_000962,1.82,-0.782,-0.674,-1.803
CN1_000963,2.65,-0.221,-0.316,-0.650
CN1_000964,2.17,0.084,0.052,-0.414
CN1_000965,2.99,0.172,0.740,0.619
CN1_000966,nd,-0.903,-0.388,0.109
CN1_000967,2.46,-0.091,-0.169,0.064
CN1_000968,2.83,-0.031,-0.100,-0.271
CN1_000969,2.36,-1.285,-0.990,-1.231
CN1_000970,2.25,-0.903,-0.711,-1.659
CN1_000971,2.17,-1.274,-1.442,-2.127
CN1_000972,2.44,-0.879,-1.133,-2.215
CN1_000973,1.89,-0.232,-0.391,-0.954
CN1_000974,2.01,-0.809,-1.247,-1.908
CN1_000975,nd,nd,nd,nd
CN1_000976,3.07,-0.102,0.163,0.533
CN1_000977,3.64,0.596,0.471,0.828
CN1_000978,2.19,-0.103,-0.264,-1.031
CN1_000979,2.38,-0.245,-0.475,-0.499
CN1_000980,1.91,-0.161,0.236,-0.141
CN1_000981,2.97,0.566,0.415,0.026
CN1_000982,nd,0.143,-0.237,0.200
CN1_000983,2.68,0.287,-0.229,-0.528
CN1_000984,2.27,-0.098,0.385,-0.010
CN1_000985,nd,0.217,0.972,1.205
CN1_000986,nd,nd,nd,2.824
CN1_000987,1.83,0.122,-0.480,-0.978
CN1_000988,1.98,-0.196,-0.497,-1.437
CN1_000989,2.15,-0.522,0.077,-0.458
CN1_000990,2.33,-0.365,0.508,0.608
CN1_000991,3.16,0.542,0.407,1.641
CN1_000992,3.14,0.680,0.607,1.415
CN1_000993,nd,nd,nd,nd
CN1_000994,2.92,0.387,0.132,0.004
CN1_000995,2.00,0.368,-0.435,-0.209
CN1_000996,1.82,-0.641,-0.581,-1.555
CN1_000997,nd,-0.219,0.466,0.334
CN1_000998,2.16,-0.043,-0.285,-0.282
CN1_000999,1.96,-0.390,-0.563,-1.371
CN1_001000,1.94,nd,nd,nd
CN1_001001,2.43,-0.370,-0.744,-1.044
CN1_001002,2.59,-0.089,-0.221,-0.941
CN1_001003,1.96,-0.302,-0.509,-0.723
CN1_001004,2.64,0.069,0.115,0.181
CN1_001005,nd,-0.073,1.560,2.319
CN1_001006,1.99,-0.310,-0.381,-0.827
CN1_001007,2.11,-0.028,-0.277,-0.574
CN1_001008,2.24,0.310,0.070,-0.375
CN1_001009,2.86,0.378,0.013,-0.033
CN1_001010,2.98,0.407,-0.013,0.086
CN1_001011,2.83,0.259,0.266,-1.404
CN1_001012,2.91,-0.260,0.611,0.958
CN1_001013,nd,-1.030,-0.802,0.023
CN1_001014,1.60,-0.939,-0.914,-2.007
CN1_001015,3.14,0.303,-0.190,0.261
CN1_001016,nd,-0.080,-0.343,-0.480
CN1_001017,1.89,-0.147,-0.617,-1.251
CN1_001018,1.76,-0.015,-0.417,-1.072
CN1_001019,2.13,-0.457,-0.527,-0.725
CN1_001020,2.46,0.204,-0.083,-0.548
CN1_001021,2.86,nd,nd,nd
CN1_001022,3.16,0.318,0.368,0.695
CN1_001023,1.74,-0.316,-0.885,-1.692
CN1_001024,2.04,-0.182,-0.710,-1.483
CN1_001025,2.14,nd,nd,nd
CN1_001026,2.19,-0.894,-1.079,-2.023
CN1_001027,3.17,0.183,0.123,0.579
CN1_001028,2.66,0.079,-0.423,-0.278
CN1_001029,nd,-0.801,1.080,-0.627
CN1_001030,nd,-0.243,0.727,1.628
CN1_001031,nd,-0.220,0.362,1.082
CN1_001032,nd,-0.056,-0.272,-0.226
CN1_001033,2.23,-0.192,-0.165,0.034
CN1_001034,1.68,-0.974,-0.717,-1.910
CN1_001035,1.89,-0.637,-0.916,-1.251
CN1_001036,3.15,0.421,0.468,0.102
CN1_001037,2.58,0.062,0.024,-0.369
CN1_001038,3.33,0.601,1.403,2.175
CN1_001039,2.23,0.024,-0.643,-0.212
CN1_001040,nd,0.369,0.452,1.040
CN1_001041,2.49,0.201,0.133,0.265
CN1_001042,3.59,-0.064,-0.623,0.248
CN1_001043,3.05,0.215,0.473,1.192
CN1_001044,2.22,-0.057,-0.338,-0.534
CN1_001045,nd,0.097,0.131,0.630
CN1_001046,1.94,-0.292,-0.120,-0.742
CN1_001047,nd,0.634,0.837,1.356
CN1_001048,3.63,0.129,0.681,1.180
CN1_001049,2.38,0.217,0.001,0.420
CN1_001051,2.08,0.016,-0.021,-0.562
CN1_001052,2.55,0.134,-0.226,-0.701
CN1_001053,1.76,-1.291,-0.603,-1.774
CN1_001054,nd,nd,nd,nd
CN1_001055,1.61,-0.138,-0.262,-1.039
CN1_001056,2.40,0.121,0.291,0.320
CN1_001057,2.16,-0.805,-0.953,-1.889
CN1_001058,2.69,-0.061,0.091,0.149
CN1_001059,3.25,0.435,1.839,2.665
CN1_001060,3.36,-0.204,0.256,1.279
CN1_001061,nd,nd,nd,nd
CN1_001062,nd,nd,nd,nd
CN1_001063,nd,-0.968,-0.611,-0.142
CN1_001064,2.37,0.093,-0.203,-0.046
CN1_001066,nd,nd,nd,nd
CN1_001067,2.95,0.346,0.155,0.057
CN1_001068,3.19,0.235,0.476,0.669
CN1_001069,2.43,0.142,-0.523,0.444
CN1_001070,2.01,-0.389,-0.320,-0.733
CN1_001071,2.23,-0.214,-0.461,-0.964
CN1_001072,2.79,0.388,0.890,1.494
CN1_001073,3.54,0.759,1.155,2.145
CN1_001074,nd,-0.181,-0.769,0.705
CN1_001075,1.98,-0.181,-1.583,-0.646
CN1_001076,1.63,-0.707,-0.660,-1.409
CN1_001077,2.55,-0.097,-0.106,-0.517
CN1_001078,1.88,-0.211,-0.364,-1.026
CN1_001079,2.94,-1.176,-1.079,-1.861
CN1_001080,2.09,-0.849,-0.770,-0.421
CN1_001081,2.15,-0.227,0.303,0.240
CN1_001082,2.90,0.114,-0.006,-0.810
CN1_001083,2.39,0.149,-0.142,-0.353
CN1_001084,1.78,-0.456,-1.190,-1.426
CN1_001085,2.24,-1.156,-1.799,-2.691
CN1_001086,2.63,-1.821,-1.457,-2.623
CN1_001087,2.30,-1.077,-1.625,-2.425
CN1_001088,1.95,-0.161,-0.659,-1.227
CN1_001089,1.81,-0.785,-0.872,-1.437
CN1_001090,2.37,-0.162,-0.327,-0.934
CN1_001091,1.96,-0.414,-0.409,-0.667
CN1_001092,2.04,-0.140,-0.563,-0.925
CN1_001093,nd,-0.261,2.186,3.077
CN1_001094,nd,-1.643,0.474,0.371
CN1_001095,1.83,-0.489,0.254,-0.194
CN1_001096,1.73,-0.854,-0.698,-1.797
CN1_001097,2.05,-0.285,-0.240,-0.315
CN1_001098,nd,0.491,0.959,2.217
CN1_001099,2.46,-0.062,-1.136,-1.730
CN1_001100,2.01,-0.442,-0.562,-1.156
CN1_001101,2.17,-0.038,-0.583,-1.242
CN1_001102,2.91,-1.615,-1.983,-2.015
CN1_001103,2.33,-0.801,-0.721,-1.126
CN1_001104,2.89,0.519,0.423,0.380
CN1_001105,nd,0.412,0.482,0.694
CN1_001106,nd,0.519,1.508,2.955
CN1_001107,3.17,-0.377,0.031,0.557
CN1_001108,1.86,-0.665,0.046,0.188
CN1_001109,2.55,0.407,0.144,-0.108
CN1_001110,2.90,0.367,0.310,0.614
CN1_001111,nd,nd,nd,nd
CN1_001112,nd,nd,nd,nd
CN1_001113,2.10,-0.100,0.182,0.026
CN1_001114,2.46,0.276,-0.179,0.094
CN1_001115,1.60,-0.414,-0.377,-0.111
CN1_001116,2.21,-0.231,-0.132,-0.657
CN1_001117,2.72,0.583,0.774,1.067
CN1_001118,2.76,0.362,0.275,-0.081
CN1_001119,2.89,0.278,0.407,0.211
CN1_001120,2.61,-0.272,0.500,-0.056
CN1_001121,2.83,-0.318,-0.362,-0.518
CN1_001122,nd,0.279,-0.527,-0.497
CN1_001123,2.36,0.147,-0.301,-1.230
CN1_001124,2.44,0.326,-0.517,0.056
CN1_001125,2.18,0.024,-0.611,-1.218
CN1_001126,nd,-0.267,-0.324,-0.511
CN1_001127,1.86,-0.835,-0.810,-1.259
CN1_001128,2.99,0.081,-0.124,-0.235
CN1_001129,1.71,-0.235,-0.419,-0.313
CN1_001130,nd,0.233,1.329,2.565
CN1_001131,3.00,0.350,0.398,1.414
CN1_001132,2.02,-0.257,-0.203,-0.356
CN1_001133,2.23,0.155,-0.419,-0.260
CN1_001134,2.46,-1.182,-1.550,-1.262
CN1_001135,2.78,0.114,-0.117,0.310
CN1_001136,2.81,0.130,-0.338,-0.094
CN1_001137,3.28,0.090,0.478,0.461
CN1_001138,3.17,0.548,0.439,1.098
CN1_001139,2.76,0.303,0.395,0.286
CN1_001140,2.31,-0.133,0.090,0.088
CN1_001141,2.54,0.138,0.426,0.475
CN1_001142,nd,0.322,1.055,1.460
CN1_001143,nd,0.000,0.359,0.519
CN1_001144,3.00,0.517,0.309,0.068
CN1_001145,2.06,0.042,0.132,-0.014
CN1_001146,nd,0.302,0.694,1.086
CN1_001147,3.02,0.494,0.533,0.607
CN1_001148,nd,0.203,1.164,1.650
CN1_001149,nd,-2.575,nd,-1.294
CN1_001150,2.87,-1.532,-2.358,-2.950
CN1_001151,2.08,-1.094,-0.707,-1.066
CN1_001152,2.44,0.095,0.248,0.191
CN1_001153,2.95,0.414,0.706,1.419
CN1_001154,1.96,-0.030,-0.448,-0.373
CN1_001155,nd,nd,nd,nd
CN1_001156,2.97,0.355,0.470,0.729
CN1_001157,2.70,0.032,-0.237,-0.938
CN1_001158,2.61,0.091,0.006,0.024
CN1_001159,2.72,-0.197,0.814,1.005
CN1_001160,2.02,-0.817,-0.387,-1.671
CN1_001161,2.78,-0.466,-1.156,-0.779
CN1_001162,1.86,-0.067,-0.440,-0.731
CN1_001163,3.01,0.461,0.326,0.192
CN1_001164,3.19,0.250,-0.577,0.743
CN1_001165,2.38,-0.073,0.235,0.383
CN1_001166,nd,-0.497,0.748,1.329
CN1_001167,nd,nd,nd,nd
CN1_001168,nd,0.312,0.199,0.396
CN1_001169,nd,-0.176,0.419,0.204
CN1_001170,2.85,-0.575,-0.420,-1.022
CN1_001171,1.87,-0.879,-0.729,-1.387
CN1_001172,3.22,-1.755,-2.070,-2.836
CN1_001173,2.46,-1.472,-1.675,-2.586
CN1_001174,2.74,-1.257,-0.966,-1.637
CN1_001175,1.87,-0.399,-0.676,-1.798
CN1_001176,2.06,-0.159,-0.311,-0.605
CN1_001177,1.81,-0.640,-0.294,-1.166
CN1_001178,1.74,nd,nd,-1.995
CN1_001179,2.08,-0.198,-0.335,-0.894
CN1_001180,2.67,-0.053,-0.038,-0.707
CN1_001181,3.56,0.509,1.276,2.433
CN1_001182,2.14,-0.629,-0.626,-1.239
CN1_001183,3.25,0.646,0.933,1.897
CN1_001184,2.26,-0.234,-1.352,-1.150
CN1_001185,1.60,-0.805,-0.658,-0.695
CN1_001186,1.66,-0.516,-1.145,-1.428
CN1_001187,2.08,-0.681,-0.816,-1.158
CN1_001188,2.73,-0.057,0.426,0.207
CN1_001189,3.14,0.496,0.889,1.619
CN1_001190,2.64,0.064,-0.474,-0.095
CN1_001191,3.13,-0.032,-0.318,0.374
CN1_001192,nd,0.335,1.453,1.971
CN1_001193,nd,-0.046,0.426,0.741
CN1_001194,1.78,-0.487,-0.727,-1.021
CN1_001195,1.92,-0.228,-0.215,-0.707
CN1_001196,3.07,0.160,0.101,0.305
CN1_001197,2.26,-0.032,-0.027,-0.526
CN1_001198,2.97,0.364,0.777,0.569
CN1_001199,3.02,0.356,1.804,2.743
CN1_001201,2.75,0.467,0.446,0.422
CN1_001202,nd,-0.163,0.595,1.087
CN1_001203,nd,-0.307,-0.367,0.049
CN1_001204,2.06,-0.243,0.211,0.688
CN1_001205,nd,nd,nd,nd
CN1_001206,nd,-0.412,0.130,1.501
CN1_001207,1.82,-0.764,0.108,-0.233
CN1_001208,1.82,-0.414,0.289,0.254
CN1_001209,nd,-0.559,0.812,1.262
CN1_001210,2.04,-0.135,-0.420,-1.278
CN1_001211,2.88,0.190,0.230,-0.312
CN1_001212,2.36,-0.404,-0.208,-0.122
CN1_001213,3.34,0.585,-0.237,0.715
CN1_001214,2.36,-0.098,0.032,0.225
CN1_001215,nd,nd,nd,nd
CN1_001216,3.33,0.494,0.716,1.385
CN1_001217,2.95,0.426,0.629,1.050
CN1_001218,3.69,0.782,0.850,1.921
CN1_001219,1.92,-0.286,-0.707,-1.003
CN1_001220,1.71,-0.405,-0.798,-1.150
CN1_001221,2.17,0.045,-0.039,-0.186
CN1_001222,3.66,0.669,1.390,2.654
CN1_001223,2.95,-1.685,-2.738,-1.753
CN1_001224,2.45,0.274,0.136,-0.197
CN1_001225,nd,0.413,0.351,1.002
CN1_001226,nd,-0.731,-0.150,-1.474
CN1_001227,1.93,-0.252,-0.388,-0.677
CN1_001228,2.28,-0.031,-0.436,-0.851
CN1_001229,2.35,-0.034,-0.116,-0.570
CN1_001230,2.47,0.132,0.133,0.304
CN1_001231,nd,-0.562,nd,0.974
CN1_001232,2.09,nd,nd,nd
CN1_001233,nd,-0.304,0.737,0.547
CN1_001234,2.89,-0.013,0.072,-0.479
CN1_001235,3.06,0.593,0.873,0.479
CN1_001236,3.29,0.517,0.616,0.333
CN1_001237,nd,0.129,0.714,1.108
CN1_001239,nd,0.143,0.129,1.162
CN1_001240,2.94,0.285,0.334,0.956
CN1_001241,1.92,-0.741,-1.339,-1.820
CN1_001242,2.87,0.121,0.007,-0.033
CN1_001243,1.87,-0.192,-0.538,-0.735
CN1_001244,1.68,nd,nd,-1.497
CN1_001245,1.89,-0.256,-0.807,-1.115
CN1_001246,1.95,-0.376,-0.341,-0.550
CN1_001247,3.21,-2.346,-2.715,-2.193
CN1_001248,2.23,-0.100,-0.126,0.031
CN1_001249,nd,0.283,0.003,-0.465
CN1_001250,nd,nd,nd,nd
CN1_001251,2.29,-0.089,0.064,-0.703
CN1_001252,nd,0.591,0.819,0.624
CN1_001253,2.08,0.078,0.020,-0.273
CN1_001254,2.99,0.439,0.270,0.286
CN1_001255,nd,nd,nd,nd
CN1_001256,2.46,0.066,0.625,-0.205
CN1_001257,nd,0.775,0.418,1.898
CN1_001258,nd,-0.100,0.098,1.174
CN1_001259,2.19,-0.114,0.004,-0.398
CN1_001260,2.63,-0.255,0.157,1.037
CN1_001261,nd,0.379,0.481,0.856
CN1_001262,1.73,-0.719,-1.417,-2.600
CN1_001263,2.76,0.520,-0.166,-0.343
CN1_001264,2.68,-0.004,-0.052,-0.546
CN1_001265,2.73,0.271,0.330,0.251
CN1_001266,nd,-0.387,-0.065,-0.122
CN1_001267,nd,nd,nd,nd
CN1_001268,nd,0.343,0.385,0.290
CN1_001269,2.77,-0.052,0.433,0.301
CN1_001270,2.98,0.260,0.181,0.551
CN1_001271,nd,nd,nd,2.425
CN1_001272,3.01,0.189,0.669,0.387
CN1_001273,3.08,-0.118,0.019,0.108
CN1_001274,1.72,-0.560,-0.629,-0.856
CN1_001275,nd,nd,nd,nd
CN1_001276,2.04,-0.106,-0.641,-1.681
CN1_001277,2.53,0.208,0.482,0.293
CN1_001278,nd,-0.087,1.147,0.348
CN1_001279,2.77,0.393,-0.501,0.064
CN1_001280,2.39,0.098,-0.042,-0.355
CN1_001281,nd,nd,nd,1.939
CN1_001282,2.56,-0.035,-0.464,-0.081
CN1_001283,nd,0.556,0.988,1.852
CN1_001284,nd,nd,nd,nd
CN1_001285,2.00,-0.479,-0.366,-1.585
CN1_001286,2.01,-0.148,-0.590,-1.431
CN1_001287,2.60,0.327,0.406,0.639
CN1_001288,2.18,-0.515,-0.577,-1.071
CN1_001289,2.63,-0.196,-0.675,-1.576
CN1_001290,1.95,-0.621,-0.684,-1.799
CN1_001291,2.46,-0.444,-0.839,-1.563
CN1_001292,2.86,0.276,2.055,2.793
CN1_001293,2.23,0.235,0.235,-0.493
CN1_001294,2.10,-0.616,-0.771,-1.415
CN1_001295,2.46,-0.804,-1.498,-1.960
CN1_001296,nd,-0.333,-1.174,-1.725
CN1_001297,2.69,0.033,0.306,0.931
CN1_001298,1.85,0.171,-0.022,0.764
CN1_001299,1.80,-0.372,-0.503,-1.011
CN1_001300,1.84,-0.616,-0.785,-0.861
CN1_001301,1.92,-0.102,0.246,-0.055
CN1_001302,2.04,0.026,-0.335,-0.931
CN1_001303,nd,-0.607,-0.579,-0.443
CN1_001304,3.13,0.111,0.824,1.177
CN1_001305,2.72,0.202,-0.146,-0.550
CN1_001306,2.09,-0.140,-0.184,-1.006
CN1_001307,1.90,-0.298,-0.627,-1.177
CN1_001308,2.96,0.566,0.507,0.100
CN1_001309,nd,0.416,0.741,1.509
CN1_001310,2.31,0.539,0.813,1.460
CN1_001311,2.01,-0.371,-0.413,-1.238
CN1_001312,2.50,-0.070,0.011,-0.754
CN1_001313,nd,0.517,1.221,1.841
CN1_001314,3.09,0.564,0.560,1.274
CN1_001315,nd,-0.349,0.247,0.114
CN1_001316,2.40,0.371,1.253,0.956
CN1_001317,2.84,0.239,-0.007,-0.284
CN1_001318,2.92,0.837,0.125,-0.210
CN1_001319,2.97,0.180,-0.323,-0.125
CN1_001320,2.71,-0.218,0.240,0.209
CN1_001321,2.45,0.017,-0.543,-0.823
CN1_001322,3.95,-0.758,-1.588,-0.560
CN1_001323,nd,-0.516,-0.025,0.694
CN1_001324,2.84,0.405,0.021,-0.086
CN1_001326,nd,0.310,4.783,6.082
CN1_001327,2.55,nd,,
CN1_001328,nd,nd,nd,nd
CN1_001329,1.83,-0.441,-0.855,-1.099
CN1_001330,2.97,0.109,-0.341,-0.028
CN1_001331,nd,-1.212,0.142,0.659
CN1_001332,nd,-0.239,-0.680,-0.526
CN1_001333,3.35,0.540,0.754,1.413
CN1_001334,2.66,0.704,0.191,0.081
CN1_001335,1.76,-0.654,-0.383,-1.574
CN1_001336,nd,nd,nd,nd
CN1_001337,nd,0.481,0.604,2.491
CN1_001338,3.76,0.580,0.350,0.258
CN1_001339,2.21,-0.247,-0.157,-0.400
CN1_001340,2.66,0.351,-0.363,0.127
CN1_001341,2.71,-0.069,-0.548,-0.337
CN1_001342,1.68,-0.002,-0.441,-0.706
CN1_001343,nd,-0.328,-0.452,-0.226
CN1_001345,nd,-0.203,-0.380,-0.310
CN1_001346,1.61,-0.524,-0.465,-1.459
CN1_001347,3.53,0.351,0.246,1.328
CN1_001348,1.63,-0.524,-0.445,-0.903
CN1_001349,2.66,0.331,0.205,0.884
CN1_001350,nd,-0.627,-1.836,-2.552
CN1_001351,3.14,-0.341,-0.571,-0.375
CN1_001352,nd,nd,nd,nd
CN1_001353,2.06,-0.445,-0.453,-0.921
CN1_001354,1.93,-0.313,0.256,1.351
CN1_001355,2.36,0.257,-0.714,-0.830
CN1_001356,2.11,-0.637,-0.814,-1.066
CN1_001357,1.85,-0.741,-1.074,-2.236
CN1_001358,nd,nd,nd,nd
CN1_001359,nd,-0.278,-0.142,0.294
CN1_001360,nd,0.631,1.169,3.109
CN1_001361,3.15,-0.486,-1.019,0.490
CN1_001362,1.41,-0.472,-0.685,-0.545
CN1_001363,2.31,nd,nd,-1.288
CN1_001364,2.70,0.049,-0.127,-1.332
CN1_001365,nd,-0.863,0.005,-0.132
CN1_001366,3.29,-0.634,-0.221,-0.355
CN1_001367,nd,0.421,1.221,2.724
CN1_001368,2.62,0.297,0.507,0.874
CN1_001369,3.80,0.526,0.729,0.520
CN1_001370,3.63,0.844,0.820,1.347
CN1_001371,2.99,-0.066,-0.132,-0.850
CN1_001372,2.34,0.024,-0.109,-0.059
CN1_001373,3.00,0.560,0.394,0.982
CN1_001374,nd,nd,nd,nd
CN1_001375,2.09,-0.129,0.350,0.045
CN1_001376,3.39,0.390,0.041,0.847
CN1_001377,2.89,0.198,0.538,0.889
CN1_001378,nd,0.474,0.838,1.606
CN1_001379,2.93,0.507,0.013,0.175
CN1_001380,1.90,0.088,-0.227,-0.494
CN1_001381,2.06,-0.110,-0.744,-1.434
CN1_001382,nd,0.272,1.204,1.913
CN1_001383,1.77,-0.789,-1.355,-2.283
CN1_001384,2.78,0.052,0.233,1.023
CN1_001385,2.56,0.242,-0.259,-0.322
CN1_001386,nd,-0.057,1.105,2.122
CN1_001387,2.79,0.284,-0.058,0.132
CN1_001388,nd,0.317,0.820,1.756
CN1_001389,nd,-0.572,-0.348,0.786
CN1_001390,nd,-0.745,-0.208,0.618
CN1_001391,3.39,0.778,0.899,1.310
CN1_001392,2.93,0.163,0.480,0.877
CN1_001393,2.34,-0.501,-0.357,-0.543
CN1_001394,nd,0.117,1.055,0.866
CN1_001395,2.67,-1.023,-1.120,-1.123
CN1_001396,nd,nd,nd,1.776
CN1_001397,3.11,nd,nd,nd
CN1_001398,nd,0.247,1.000,1.301
CN1_001399,1.96,-0.705,-1.425,-2.289
CN1_001401,2.86,0.608,0.446,0.914
CN1_001402,nd,1.068,2.396,3.725
CN1_001403,3.02,0.367,0.559,0.946
CN1_001404,2.46,-0.251,-0.191,0.281
CN1_001405,2.66,0.018,-0.100,0.115
CN1_001406,2.68,0.460,0.960,0.448
CN1_001408,nd,nd,nd,4.392
CN1_001409,nd,-0.538,-0.400,0.105
CN1_001410,2.21,-0.276,-0.266,-0.625
CN1_001411,1.83,-0.623,0.322,-0.101
CN1_001412,2.40,0.049,0.009,-0.427
CN1_001413,nd,0.123,0.930,1.300
CN1_001414,3.43,-0.368,-0.355,0.486
CN1_001415,3.28,0.639,0.558,1.088
CN1_001416,2.26,-0.036,-0.363,-0.245
CN1_001417,2.51,0.037,-0.253,-0.289
CN1_001418,nd,0.154,0.447,0.812
CN1_001419,1.51,-1.207,-0.531,-0.777
CN1_001420,nd,-0.684,0.631,1.082
CN1_001421,1.51,-1.424,-1.894,-1.968
CN1_001422,2.05,-0.705,-0.848,-1.716
CN1_001423,2.06,-0.371,-0.464,-1.337
CN1_001424,2.01,-0.037,-0.257,-0.534
CN1_001425,2.93,0.366,0.645,0.834
CN1_001426,3.08,0.395,0.962,0.873
CN1_001427,3.09,0.232,0.025,0.072
CN1_001428,2.14,0.350,0.254,0.179
CN1_001429,3.77,1.044,0.763,1.065
CN1_001430,2.70,0.077,0.529,0.603
CN1_001431,nd,nd,nd,nd
CN1_001432,nd,0.338,0.743,1.633
CN1_001433,3.23,0.114,-0.566,-0.108
CN1_001434,3.23,0.205,-0.383,-0.103
CN1_001435,2.60,0.193,-0.092,-0.354
CN1_001436,2.59,0.279,-0.438,-0.142
CN1_001437,nd,nd,nd,nd
CN1_001438,1.63,-0.607,-0.794,-1.012
CN1_001439,1.85,-0.211,-0.126,-0.298
CN1_001440,nd,0.374,3.173,3.303
CN1_001441,3.41,0.541,0.710,1.566
CN1_001442,2.63,0.123,0.445,0.300
CN1_001443,2.32,-0.154,-0.317,-0.233
CN1_001444,nd,1.051,1.435,2.454
CN1_001445,nd,0.079,2.130,2.531
CN1_001446,2.43,0.193,0.068,-0.601
CN1_001447,1.62,-0.528,-0.716,-1.650
CN1_001448,1.77,-0.475,-0.366,-1.009
CN1_001449,nd,-0.453,0.437,0.545
CN1_001450,3.79,0.547,0.667,0.695
CN1_001451,2.38,-0.027,0.388,0.880
CN1_001452,1.63,-0.832,-0.496,-1.012
CN1_001453,2.33,-0.100,0.303,-0.018
CN1_001454,nd,nd,nd,nd
CN1_001455,nd,0.701,3.828,4.629
CN1_001456,2.72,0.302,0.678,0.552
CN1_001457,nd,-0.559,-0.068,-0.203
CN1_001458,nd,0.150,1.229,2.825
CN1_001459,2.90,0.371,0.275,0.667
CN1_001460,1.92,-0.194,-0.374,-0.805
CN1_001461,2.23,-0.837,-0.875,-0.863
CN1_001462,nd,0.621,1.211,2.190
CN1_001463,1.97,-0.102,-0.523,-1.288
CN1_001464,1.97,-0.559,-0.513,-1.113
CN1_001465,3.18,0.528,0.171,-0.134
CN1_001466,1.55,-1.216,-0.388,-1.773
CN1_001467,2.46,0.234,-0.017,-0.437
CN1_001468,nd,0.104,0.733,1.567
CN1_001469,2.84,-0.001,-0.509,-0.750
CN1_001470,2.12,-0.298,0.167,0.268
CN1_001471,nd,-0.253,0.185,0.820
CN1_001472,nd,0.460,1.087,2.363
CN1_001473,2.59,0.287,0.286,0.117
CN1_001474,nd,-1.254,-0.271,-0.213
CN1_001475,2.23,0.185,-0.115,-0.733
CN1_001476,nd,0.077,-0.435,0.306
CN1_001477,nd,nd,nd,nd
CN1_001478,1.83,-1.219,-0.593,0.801
CN1_001480,2.09,-0.141,-0.303,-0.921
CN1_001481,2.91,0.578,-0.052,1.110
CN1_001482,2.98,0.367,0.398,0.750
CN1_001483,1.69,-0.619,-0.438,-1.477
CN1_001484,3.07,0.260,0.000,-0.142
CN1_001485,2.11,-0.709,-0.782,-1.558
CN1_001486,2.47,0.057,0.094,-0.333
CN1_001487,nd,-0.302,0.832,1.089
CN1_001488,nd,-0.879,0.815,-0.486
CN1_001489,2.69,0.195,-0.024,-0.066
CN1_001490,2.81,0.206,-0.225,-0.574
CN1_001491,2.70,0.319,-0.022,-0.451
CN1_001492,nd,nd,nd,nd
CN1_001493,2.03,-0.180,-0.009,-0.064
CN1_001494,2.28,-0.164,-0.712,-0.950
CN1_001495,1.81,-0.938,-0.484,-0.688
CN1_001496,3.08,-0.378,0.194,0.326
CN1_001497,2.80,-0.005,-0.108,-0.013
CN1_001498,2.36,-0.870,-1.211,-1.994
CN1_001499,1.90,-0.634,-0.844,-1.445
CN1_001500,2.12,0.177,-0.913,-1.045
CN1_001501,2.64,0.011,0.226,0.944
CN1_001502,nd,nd,nd,nd
CN1_001503,nd,0.007,0.480,0.201
CN1_001504,2.63,-0.084,-0.182,-0.472
CN1_001505,2.35,0.380,-0.239,0.253
CN1_001506,3.29,0.726,0.403,1.062
CN1_001507,nd,0.063,0.302,0.514
CN1_001508,2.18,0.126,-0.114,-0.375
CN1_001509,2.88,0.133,0.426,0.772
CN1_001510,2.73,0.148,0.732,1.077
CN1_001511,3.39,0.810,0.848,1.229
CN1_001512,2.69,0.021,0.230,-0.077
CN1_001513,3.28,0.670,0.784,1.041
CN1_001514,2.80,0.139,-0.029,-0.064
CN1_001516,2.83,0.385,0.609,0.727
CN1_001517,1.81,-1.075,-0.853,-1.402
CN1_001518,2.26,-1.218,-1.984,-3.007
CN1_001519,nd,-0.765,-0.602,0.275
CN1_001520,nd,0.521,0.160,0.960
CN1_001521,2.00,-0.181,-0.497,-0.891
CN1_001522,2.82,0.144,0.602,1.045
CN1_001523,2.87,-0.127,0.471,0.358
CN1_001524,nd,-3.836,nd,nd
CN1_001525,nd,0.011,1.088,1.492
CN1_001526,nd,nd,nd,1.185
CN1_001527,3.43,0.004,0.106,0.081
CN1_001528,2.03,0.041,-0.349,-0.828
CN1_001529,3.48,0.452,0.333,0.693
CN1_001530,nd,0.326,1.074,2.465
CN1_001531,nd,0.437,0.164,0.778
CN1_001533,nd,0.497,0.626,0.913
CN1_001534,1.89,-0.224,-0.020,-0.330
CN1_001535,2.46,0.206,-0.083,-0.619
CN1_001536,nd,-0.530,-0.953,-1.419
CN1_001537,1.12,-1.586,-0.975,-1.135
CN1_001538,2.11,0.104,-0.621,-0.474
CN1_001539,3.15,0.588,0.239,0.320
CN1_001540,2.74,-0.191,0.376,0.428
CN1_001541,nd,nd,nd,nd
CN1_001542,3.06,0.601,0.322,-0.041
CN1_001543,3.04,-0.224,-0.258,0.249
CN1_001544,1.88,-0.043,0.250,-1.204
CN1_001545,nd,-0.588,0.223,-0.099
CN1_001546,2.82,-0.043,-0.110,0.149
CN1_001547,2.63,0.264,0.279,-0.085
CN1_001548,2.70,-0.072,0.854,1.223
CN1_001549,nd,nd,nd,nd
CN1_001550,2.59,-0.041,0.157,0.235
CN1_001551,nd,0.042,0.022,1.692
CN1_001552,3.04,0.328,1.557,1.866
CN1_001553,2.92,0.270,0.175,0.148
CN1_001554,nd,-0.065,-0.552,-0.929
CN1_001555,3.44,nd,nd,nd
CN1_001556,2.39,0.211,-0.065,-0.797
CN1_001557,nd,-0.064,2.156,2.276
CN1_001558,1.82,-0.384,-0.553,-1.441
CN1_001559,4.77,0.657,0.447,0.491
CN1_001560,nd,0.257,1.034,0.393
CN1_001561,1.93,0.043,-0.020,-0.511
CN1_001562,2.82,0.154,0.276,0.020
CN1_001563,nd,0.989,1.470,1.377
CN1_001564,2.40,0.114,0.028,0.214
CN1_001565,2.34,-0.005,0.133,0.054
CN1_001566,2.43,0.151,-0.052,-0.525
CN1_001567,2.71,0.180,-0.189,-0.616
CN1_001568,2.62,0.360,0.496,0.953
CN1_001569,nd,nd,nd,2.679
CN1_001570,2.46,0.420,0.034,-0.383
CN1_001571,2.04,-0.297,-0.712,-1.479
CN1_001572,2.58,0.266,-0.080,-0.174
CN1_001573,2.11,0.065,-0.081,-0.207
CN1_001574,nd,-0.103,1.037,0.658
CN1_001575,nd,-0.027,0.082,0.368
CN1_001576,nd,-0.417,0.260,0.399
CN1_001577,nd,-0.614,-0.630,-0.632
CN1_001578,1.54,-0.543,-0.937,-1.737
CN1_001579,2.91,-1.666,-1.462,-0.700
CN1_001580,3.02,0.495,-0.163,-0.344
CN1_001581,1.52,-1.421,-1.119,-1.453
CN1_001582,1.57,-0.974,-0.497,-0.269
CN1_001583,nd,nd,nd,0.202
CN1_001584,nd,-4.009,-0.886,0.657
CN1_001585,nd,0.035,0.302,0.051
CN1_001586,3.56,0.646,0.503,0.428
CN1_001587,1.98,-0.407,-0.386,-1.238
CN1_001588,2.74,-0.050,-0.090,-0.283
CN1_001589,2.21,0.111,-0.167,-0.414
CN1_001590,nd,-0.495,-0.355,-0.618
CN1_001591,2.73,0.396,0.002,0.149
CN1_001592,nd,0.155,0.459,0.321
CN1_001593,2.21,0.045,-0.223,-0.318
CN1_001594,3.10,0.615,0.775,1.313
CN1_001595,2.58,-0.024,0.262,-0.036
CN1_001596,nd,nd,nd,nd
CN1_001597,2.74,0.131,-0.346,-0.957
CN1_001598,2.11,0.120,-0.536,-0.975
CN1_001599,2.04,-0.084,-0.207,-0.797
CN1_001600,nd,-0.029,0.521,0.826
CN1_001602,nd,0.122,0.386,1.017
CN1_001603,2.58,-0.565,-0.708,-1.576
CN1_001604,nd,-0.101,0.009,0.217
CN1_001605,2.38,-0.338,-0.088,-0.440
CN1_001606,nd,0.150,1.049,1.354
CN1_001607,nd,0.648,0.899,1.663
CN1_001608,2.49,0.232,0.340,0.358
CN1_001609,nd,-0.949,-0.924,-0.353
CN1_001610,1.90,-0.678,-0.486,-0.698
CN1_001611,2.07,-0.440,-0.685,-1.031
CN1_001612,2.00,-0.303,-0.815,-2.138
CN1_001613,2.68,0.156,0.433,0.918
CN1_001614,2.01,nd,nd,nd
CN1_001615,2.41,0.108,-0.224,-0.627
CN1_001616,2.28,0.098,-0.008,-0.337
CN1_001617,2.07,-0.442,-0.779,-2.234
CN1_001618,nd,-0.364,-0.021,-0.217
CN1_001619,2.36,0.261,0.361,0.759
CN1_001620,3.09,0.081,0.517,1.016
CN1_001621,nd,-0.197,0.327,0.508
CN1_001622,nd,0.553,0.541,1.159
CN1_001623,nd,nd,nd,nd
CN1_001624,nd,0.438,0.448,1.035
CN1_001625,nd,0.172,-0.239,0.713
CN1_001626,nd,nd,nd,0.228
CN1_001627,2.46,-1.902,-1.035,-1.144
CN1_001628,2.03,-0.687,-0.984,-1.934
CN1_001629,1.86,-0.341,-0.610,-1.174
CN1_001630,nd,0.556,0.874,1.801
CN1_001631,2.00,-0.282,0.069,-0.045
CN1_001632,2.84,0.213,-0.391,-0.851
CN1_001633,2.68,0.281,-0.490,-0.508
CN1_001634,2.55,0.234,-0.180,-0.157
CN1_001635,2.99,-0.390,-0.459,-0.131
CN1_001636,3.30,-0.150,0.184,0.783
CN1_001637,3.07,0.205,0.713,1.245
CN1_001638,2.07,0.027,-0.250,-0.892
CN1_001639,2.45,0.005,-0.093,-0.943
CN1_001640,1.96,-0.201,-0.378,-0.794
CN1_001641,2.05,-0.257,-0.438,-0.703
CN1_001642,1.80,-0.299,-0.474,-0.964
CN1_001643,2.42,0.276,0.024,-0.213
CN1_001644,1.96,-0.122,-0.430,-0.563
CN1_001645,2.76,-0.262,-0.032,-0.277
CN1_001646,2.27,-0.642,-0.969,-0.851
CN1_001647,nd,0.083,1.431,2.743
CN1_001648,nd,0.266,-0.099,0.242
CN1_001649,3.24,0.324,0.471,0.875
CN1_001650,nd,-0.570,-1.595,-1.503
CN1_001651,nd,0.233,-0.120,0.422
CN1_001652,2.11,-0.024,-0.025,-0.324
CN1_001653,2.12,-0.058,-0.217,-0.788
CN1_001654,2.38,0.167,0.065,0.134
CN1_001655,2.56,0.337,0.968,0.913
CN1_001656,2.24,-0.479,-0.543,-1.162
CN1_001657,2.59,-0.190,-0.247,-0.433
CN1_001658,3.27,0.219,0.126,0.572
CN1_001659,2.69,0.392,0.609,1.170
CN1_001660,nd,-3.716,-2.937,-2.721
CN1_001661,nd,0.372,0.549,1.000
CN1_001662,3.34,0.346,0.272,0.914
CN1_001663,nd,0.119,-0.248,-0.004
CN1_001664,1.96,-0.824,-1.144,-2.235
CN1_001665,nd,nd,nd,-1.949
CN1_001666,2.36,-0.871,-1.705,-2.830
CN1_001667,2.58,0.041,-0.149,-0.307
CN1_001668,2.01,-0.399,-0.203,-0.322
CN1_001669,nd,0.518,1.805,2.145
CN1_001670,nd,-0.517,-0.397,0.376
CN1_001671,nd,nd,nd,nd
CN1_001672,nd,0.252,1.848,3.181
CN1_001673,nd,0.039,0.369,1.246
CN1_001674,3.39,0.744,1.290,1.837
CN1_001675,3.12,-0.018,0.153,1.520
CN1_001676,3.91,1.042,0.917,1.460
CN1_001677,nd,0.017,0.323,0.408
CN1_001678,2.67,0.361,-0.290,-0.592
CN1_001679,1.94,-0.626,-0.458,-1.115
CN1_001680,3.67,0.937,0.904,-0.214
CN1_001681,nd,0.158,0.890,0.680
CN1_001682,1.63,-0.695,-0.542,-1.036
CN1_001683,nd,-0.174,-0.340,-0.502
CN1_001684,nd,nd,nd,-0.103
CN1_001685,nd,-0.299,0.791,0.866
CN1_001686,3.22,0.000,0.170,0.581
CN1_001687,nd,0.297,0.705,2.094
CN1_001688,2.01,-0.292,-0.031,-0.731
CN1_001689,2.27,-0.616,-0.328,-1.515
CN1_001690,2.10,-0.036,-0.798,-0.600
CN1_001691,1.71,-0.429,-0.749,-1.562
CN1_001692,2.12,-0.102,-0.280,-0.708
CN1_001693,nd,-0.280,0.490,0.525
CN1_001694,nd,0.486,-0.126,-0.162
CN1_001695,nd,-1.042,-1.630,-1.526
CN1_001696,nd,0.256,0.953,1.872
CN1_001697,2.17,-0.242,-0.483,-1.488
CN1_001698,nd,-0.233,2.379,2.515
CN1_001699,1.86,-0.593,-0.784,-0.969
CN1_001700,3.77,0.408,0.267,0.725
CN1_001701,2.30,-0.353,-0.891,-1.147
CN1_001702,1.99,-0.906,-0.356,-1.130
CN1_001703,3.17,0.412,-0.051,-0.321
CN1_001704,2.86,0.250,0.159,-0.029
CN1_001705,nd,-0.030,0.392,0.629
CN1_001706,nd,nd,nd,nd
CN1_001707,2.46,-0.210,0.115,-0.925
CN1_001708,2.29,-0.481,-0.458,-1.439
CN1_001709,2.05,-0.605,-1.475,-2.196
CN1_001710,2.06,-0.586,-0.361,-1.625
CN1_001711,2.62,-0.030,0.421,0.069
CN1_001712,2.22,0.150,-0.057,-0.841
CN1_001713,2.03,-0.161,-0.185,-0.492
CN1_001714,nd,nd,nd,0.439
CN1_001715,2.13,-0.058,-0.460,-0.677
CN1_001716,2.81,0.347,0.362,0.071
CN1_001717,2.22,0.014,0.009,-0.277
CN1_001718,2.90,0.336,0.137,-0.037
CN1_001719,1.93,-0.091,-0.289,-0.918
CN1_001720,2.28,0.353,-0.238,0.166
CN1_001721,1.67,-0.429,-0.803,-1.908
CN1_001722,1.86,-0.844,-0.703,-2.036
CN1_001723,1.81,-0.350,-0.759,-1.809
CN1_001724,1.97,-0.735,-0.887,-2.084
CN1_001725,1.79,-0.396,-0.270,-1.147
CN1_001726,2.09,-0.496,-0.722,-1.664
CN1_001727,2.99,-1.364,-1.571,-1.932
CN1_001728,2.00,-0.326,-0.637,-1.588
CN1_001729,2.05,-0.289,-0.531,-1.039
CN1_001730,2.20,0.064,-0.126,-0.886
CN1_001731,2.51,-0.760,-0.697,-0.937
CN1_001732,1.94,nd,,
CN1_001733,2.46,nd,nd,nd
CN1_001734,3.30,-1.217,-1.747,-2.399
CN1_001735,2.07,-0.129,-0.443,-1.126
CN1_001736,2.08,-0.129,0.264,-0.318
CN1_001737,1.85,-0.382,0.078,-0.044
CN1_001738,2.64,-0.073,0.218,0.486
CN1_001739,2.69,0.018,-0.355,-0.581
CN1_001741,2.14,-0.231,-0.406,-1.091
CN1_001742,2.54,0.213,0.037,0.091
CN1_001744,2.84,0.336,0.289,0.852
CN1_001745,2.80,0.200,0.198,-0.121
CN1_001746,2.05,-0.156,-0.693,-1.903
CN1_001747,3.02,0.139,0.553,0.929
CN1_001748,nd,0.142,-0.160,-0.111
CN1_001749,nd,0.071,-0.125,0.779
CN1_001750,1.77,-0.283,-0.580,-0.622
CN1_001751,1.86,-0.308,-0.419,-0.980
CN1_001752,2.25,-1.291,-1.926,-2.610
CN1_001753,2.34,-1.158,-1.260,-2.981
CN1_001754,2.36,-1.181,-1.324,-2.234
CN1_001755,2.07,nd,nd,nd
CN1_001756,2.31,0.044,-0.203,0.093
CN1_001757,2.93,-0.059,0.187,-0.637
CN1_001758,nd,-0.567,-0.399,0.372
CN1_001759,nd,-0.479,1.012,1.618
CN1_001760,2.35,-0.042,-0.042,-0.823
CN1_001761,1.84,-1.128,-0.495,-1.258
CN1_001762,2.62,-0.009,-0.701,-0.697
CN1_001763,nd,nd,nd,nd
CN1_001764,nd,-0.220,0.278,0.846
CN1_001765,3.18,0.318,0.720,0.700
CN1_001766,nd,nd,nd,nd
CN1_001767,2.61,-0.415,-0.019,-1.160
CN1_001768,1.90,nd,,
CN1_001769,nd,-0.686,1.296,3.337
CN1_001770,3.00,0.455,0.406,0.880
CN1_001771,nd,nd,nd,nd
CN1_001772,2.50,0.155,0.300,0.421
CN1_001773,nd,-0.825,0.027,0.288
CN1_001774,2.80,0.360,-0.136,-0.492
CN1_001776,2.75,0.339,0.212,0.168
CN1_001777,2.46,-0.230,0.489,0.821
CN1_001779,2.92,0.396,0.032,-0.059
CN1_001780,nd,0.373,0.393,1.037
CN1_001781,1.99,-0.186,-0.678,-1.541
CN1_001782,2.93,0.303,0.274,0.398
CN1_001783,3.01,0.420,0.789,1.849
CN1_001784,2.93,0.481,0.376,1.173
CN1_001785,2.16,-0.157,-0.115,-0.241
CN1_001786,nd,0.051,nd,3.444
CN1_001787,3.15,0.501,0.159,0.076
CN1_001788,nd,-0.227,-0.827,-0.354
CN1_001789,3.18,0.508,0.418,0.828
CN1_001790,2.51,0.283,-0.236,-0.469
CN1_001791,1.79,-0.769,-1.715,-1.588
CN1_001792,2.93,-0.229,-0.230,0.058
CN1_001793,3.31,0.436,0.084,0.435
CN1_001794,1.87,-0.343,-0.588,-1.671
CN1_001795,2.79,0.203,0.335,-0.078
CN1_001796,nd,nd,nd,nd
CN1_001797,2.46,-0.096,-0.112,0.018
CN1_001798,1.79,-0.283,-0.829,-1.786
CN1_001799,2.36,-0.804,-1.210,-1.621
CN1_001800,2.43,0.566,0.299,0.489
CN1_001801,2.49,0.227,-0.283,-0.846
CN1_001802,nd,0.485,1.146,1.432
CN1_001803,2.13,-0.359,-0.509,-0.595
CN1_001804,nd,-0.867,-1.078,0.294
CN1_001805,nd,0.037,1.149,1.761
CN1_001806,nd,0.106,0.155,0.104
CN1_001807,2.01,0.236,-0.381,-0.304
CN1_001808,2.46,-1.227,-1.214,-3.350
CN1_001809,nd,-0.074,0.226,0.814
CN1_001810,nd,nd,nd,nd
CN1_001811,2.87,0.373,0.476,0.681
CN1_001812,nd,0.125,-0.013,0.828
CN1_001813,3.25,0.482,0.262,1.113
CN1_001814,2.58,nd,nd,nd
CN1_001815,2.94,-0.097,0.458,0.137
CN1_001816,nd,0.921,3.621,4.278
CN1_001817,3.08,0.163,-0.097,-0.589
CN1_001818,2.21,-0.041,-0.004,0.063
CN1_001819,2.36,0.229,-0.655,-0.556
CN1_001820,1.72,-0.587,-0.369,-0.321
CN1_001821,3.21,0.008,0.034,0.827
CN1_001822,nd,-2.603,-1.825,-0.865
CN1_001823,2.34,-0.055,0.425,-0.133
CN1_001824,nd,0.213,3.323,5.137
CN1_001825,2.57,0.117,0.463,-0.264
CN1_001826,2.67,0.340,0.125,-0.020
CN1_001827,2.91,0.670,0.613,0.410
CN1_001828,2.62,0.491,0.571,1.269
CN1_001829,1.97,0.165,-0.146,-0.097
CN1_001830,1.81,-0.283,-0.136,0.047
CN1_001831,3.79,0.582,0.639,0.439
CN1_001832,2.12,-0.137,-0.522,-0.617
CN1_001833,2.51,0.029,0.296,0.054
CN1_001834,2.09,0.195,0.261,-0.396
CN1_001835,2.89,nd,nd,nd
CN1_001836,3.21,-0.681,-1.359,-0.899
CN1_001837,nd,0.214,0.924,1.010
CN1_001838,2.66,0.020,0.288,0.902
CN1_001839,3.24,0.574,0.381,0.384
CN1_001840,nd,0.372,0.431,1.036
CN1_001841,nd,nd,nd,nd
CN1_001842,nd,-0.089,1.137,1.467
CN1_001843,2.58,-0.359,-0.248,0.184
CN1_001844,nd,-0.291,0.257,0.363
CN1_001845,2.05,-0.222,0.262,0.253
CN1_001846,2.16,-0.363,-0.620,-0.385
CN1_001847,nd,nd,nd,nd
CN1_001848,1.65,-0.389,0.304,0.064
CN1_001849,3.05,-0.215,-0.093,-0.173
CN1_001850,1.78,-0.538,-0.278,-0.888
CN1_001851,2.50,0.133,0.354,-0.225
CN1_001852,1.94,-0.939,-1.203,-2.452
CN1_001853,2.70,0.453,0.090,0.940
CN1_001854,2.46,-0.005,0.085,0.011
CN1_001855,nd,0.230,0.988,1.274
CN1_001856,1.91,-0.392,-0.302,-0.121
CN1_001857,1.70,-0.352,0.038,-0.791
CN1_001858,1.93,-1.234,-0.886,-1.879
CN1_001859,nd,1.165,1.377,2.380
CN1_001860,nd,nd,nd,nd
CN1_001861,nd,-0.755,-0.819,-0.948
CN1_001862,2.81,0.317,0.447,0.266
CN1_001863,2.64,0.471,-0.087,0.099
CN1_001864,nd,0.192,-0.484,0.121
CN1_001865,2.74,0.299,0.514,1.085
CN1_001866,nd,0.161,0.696,1.104
CN1_001867,2.53,-0.757,-1.109,-1.402
CN1_001868,2.52,-0.169,-0.540,-1.327
CN1_001869,nd,0.082,-0.167,0.118
CN1_001870,nd,0.222,0.545,1.155
CN1_001871,nd,0.549,0.470,1.327
CN1_001872,nd,-0.097,0.506,0.125
CN1_001873,nd,-0.028,0.792,1.716
CN1_001874,2.12,-0.064,-0.501,-0.825
CN1_001875,2.21,-0.840,-0.495,0.371
CN1_001876,nd,0.232,1.069,1.848
CN1_001877,2.78,-0.427,-0.345,-0.730
CN1_001878,3.35,0.240,0.134,0.188
CN1_001879,2.30,0.273,-0.242,-0.327
CN1_001880,nd,-0.198,0.453,1.138
CN1_001881,2.42,-0.030,0.286,0.928
CN1_001882,nd,-1.889,-0.275,-0.047
CN1_001883,1.83,nd,nd,nd
CN1_001884,nd,nd,nd,nd
CN1_001885,1.93,-0.205,-0.030,-0.461
CN1_001886,2.00,-0.104,-0.503,-1.053
CN1_001887,nd,0.280,0.469,0.690
CN1_001888,nd,nd,nd,nd
CN1_001889,2.50,-1.497,-1.742,-2.163
CN1_001890,2.93,nd,nd,-0.730
CN1_001891,1.95,-0.318,-0.843,-1.692
CN1_001892,nd,-0.222,0.929,2.006
CN1_001893,1.86,-0.310,-0.614,-1.028
CN1_001895,nd,nd,nd,nd
CN1_001896,2.21,-0.113,-0.738,-1.302
CN1_001897,3.01,-0.326,0.050,-0.102
CN1_001898,nd,nd,nd,nd
CN1_001899,nd,-0.160,0.600,1.561
CN1_001900,2.59,0.173,0.032,0.245
CN1_001901,nd,0.432,0.540,0.847
CN1_001902,1.79,-0.009,0.275,0.144
CN1_001903,2.08,-0.346,-0.368,-0.120
CN1_001904,3.00,0.280,0.140,0.226
CN1_001905,2.69,0.244,-0.024,0.101
CN1_001906,4.50,1.047,0.989,1.347
CN1_001907,1.88,-0.084,0.851,0.524
CN1_001908,2.79,-0.214,0.289,1.205
CN1_001909,nd,-0.829,0.462,0.172
CN1_001910,nd,nd,nd,nd
CN1_001911,2.34,-0.237,-0.098,0.114
CN1_001912,nd,-0.041,-0.138,-0.209
CN1_001913,2.03,-0.281,-0.518,-0.833
CN1_001914,2.68,0.321,0.157,-0.469
CN1_001915,2.55,0.088,-0.137,-0.197
CN1_001916,nd,-0.034,2.062,2.913
CN1_001917,1.81,-0.359,-0.570,-1.041
CN1_001918,nd,0.141,2.500,1.713
CN1_001919,3.19,nd,nd,nd
CN1_001920,nd,-0.147,0.789,0.647
CN1_001921,nd,0.204,1.180,2.022
CN1_001922,3.05,0.227,-0.240,-0.016
CN1_001923,2.76,0.361,0.384,0.541
CN1_001924,1.60,-1.057,-0.417,-1.022
CN1_001925,2.10,-0.337,-0.274,-0.134
CN1_001926,nd,-0.028,1.670,2.920
CN1_001927,2.75,0.480,0.344,-0.090
CN1_001928,2.23,-0.278,-0.394,-1.191
CN1_001929,2.19,-0.285,-0.250,-1.502
CN1_001930,2.31,0.091,0.083,0.015
CN1_001931,2.06,0.044,-0.331,-0.820
CN1_001932,2.58,0.900,0.116,-0.175
CN1_001933,nd,0.782,0.044,0.358
CN1_001934,1.92,-0.925,-0.051,-0.286
CN1_001935,4.04,0.793,0.571,1.639
CN1_001936,nd,-0.015,0.240,0.329
CN1_001937,2.22,0.273,0.051,0.072
CN1_001938,2.92,0.465,0.725,0.847
CN1_001939,3.03,-0.357,-0.207,-0.060
CN1_001940,2.93,0.037,0.028,-0.132
CN1_001941,2.79,0.108,0.297,0.548
CN1_001942,nd,nd,nd,nd
CN1_001943,nd,-0.231,0.006,0.347
CN1_001944,2.51,-0.154,-0.051,0.583
CN1_001945,1.72,-0.292,0.400,0.260
CN1_001946,nd,0.358,1.099,2.248
CN1_001947,1.94,-0.097,0.607,1.058
CN1_001948,3.61,-1.458,-0.949,-0.560
CN1_001949,nd,nd,nd,1.496
CN1_001950,nd,0.844,1.364,2.547
CN1_001951,nd,-0.939,-1.173,-1.028
CN1_001952,2.42,nd,nd,nd
CN1_001953,2.86,0.407,-0.263,-0.781
CN1_001954,2.89,0.507,-0.169,0.386
CN1_001955,1.91,-0.022,-0.377,-0.825
CN1_001956,nd,nd,nd,nd
CN1_001957,2.40,0.128,0.042,0.103
CN1_001958,2.57,0.125,-0.395,0.053
CN1_001959,1.98,0.211,-0.187,-0.184
CN1_001960,nd,nd,nd,nd
CN1_001961,2.05,0.038,-0.830,-0.212
CN1_001962,2.02,0.022,0.009,0.022
CN1_001963,2.91,-0.010,0.290,0.063
CN1_001964,2.68,0.211,0.014,-0.707
CN1_001965,nd,-0.350,0.038,-0.068
CN1_001966,2.28,-0.529,-0.270,-1.238
CN1_001967,3.00,-0.020,-0.268,-0.400
CN1_001968,2.63,0.062,-0.081,-0.251
CN1_001969,2.97,-0.003,-0.100,-0.258
CN1_001970,2.19,-0.243,-0.467,-1.491
CN1_001971,2.15,0.059,-0.107,-0.891
CN1_001972,2.46,0.077,-0.128,-0.303
CN1_001973,2.06,nd,,
CN1_001974,2.69,0.225,-0.240,-0.370
CN1_001975,2.75,0.123,-0.594,-0.551
CN1_001976,2.67,0.180,0.297,0.098
CN1_001977,3.17,0.178,0.476,0.811
CN1_001978,1.60,-0.798,-0.217,-1.472
CN1_001979,nd,-0.138,-0.343,-0.097
CN1_001980,nd,0.206,1.029,1.943
CN1_001981,2.38,-0.071,0.195,-0.059
CN1_001982,nd,0.107,1.147,1.949
CN1_001983,nd,0.138,1.074,1.823
CN1_001984,2.93,0.438,0.300,0.829
CN1_001985,2.01,-0.962,-1.305,0.199
CN1_001986,nd,nd,nd,nd
CN1_001987,nd,0.983,0.599,1.388
CN1_001988,2.19,0.079,-0.268,-0.369
CN1_001989,2.18,-0.147,-0.409,-0.381
CN1_001990,nd,0.265,-0.253,0.807
CN1_001991,nd,0.062,-0.747,-0.152
CN1_001992,nd,0.073,-0.229,0.279
CN1_001993,2.87,0.366,0.479,0.448
CN1_001994,nd,0.032,0.236,0.519
CN1_001995,2.53,-0.053,0.238,0.315
CN1_001996,nd,0.184,0.944,2.213
CN1_001997,3.87,0.624,0.781,1.038
CN1_001998,2.22,0.119,0.010,-1.296
CN1_001999,2.25,0.169,-0.181,-0.734
CN1_002000,nd,0.154,0.278,0.251
CN1_002001,nd,-0.768,0.164,1.353
CN1_002003,3.13,0.177,-0.024,-0.416
CN1_002004,nd,-0.177,0.416,1.024
CN1_002005,1.81,-0.243,-0.124,0.082
CN1_002006,3.05,0.233,0.429,1.220
CN1_002007,1.99,0.133,-0.108,-0.207
CN1_002008,nd,-0.726,2.863,3.019
CN1_002009,3.26,-4.504,-4.361,-5.021
CN1_002010,nd,0.684,2.212,3.167
CN1_002011,3.20,0.766,0.822,1.147
CN1_002012,3.22,0.131,0.633,-0.354
CN1_002013,nd,0.324,0.580,1.349
CN1_002014,2.98,0.243,-0.188,-0.063
CN1_002015,1.93,-0.254,0.016,0.165
CN1_002016,2.34,0.169,-0.162,-0.548
CN1_002017,nd,0.355,0.367,0.508
CN1_002018,2.79,-0.015,-0.113,0.221
CN1_002019,1.95,-0.410,-0.368,-0.030
CN1_002020,nd,nd,nd,nd
CN1_002021,2.08,-0.028,0.102,-0.150
CN1_002022,nd,0.258,2.187,3.532
CN1_002023,2.64,0.167,-0.231,-0.285
CN1_002024,2.17,-0.274,-0.155,-0.345
CN1_002025,3.46,0.666,1.012,1.520
CN1_002026,2.62,0.298,-0.037,0.395
CN1_002027,2.10,0.033,0.351,1.296
CN1_002028,nd,-0.056,0.007,-0.462
CN1_002029,1.94,-0.325,-0.652,-0.138
CN1_002030,1.82,-0.161,-0.643,-1.042
CN1_002031,3.31,0.359,-0.049,-0.219
CN1_002032,2.33,-0.004,-0.117,-0.548
CN1_002033,3.38,0.567,0.220,0.526
CN1_002034,3.55,-0.035,0.531,0.333
CN1_002035,2.52,0.572,0.224,0.026
CN1_002036,nd,0.000,1.231,1.715
CN1_002037,nd,-1.759,-1.420,-1.682
CN1_002038,2.34,-0.086,-0.128,-0.274
CN1_002039,nd,0.709,1.172,1.598
CN1_002040,2.78,0.288,0.644,1.011
CN1_002041,1.86,-0.222,-0.182,-0.063
CN1_002042,nd,0.526,0.382,1.013
CN1_002043,2.83,0.336,0.223,0.135
CN1_002044,2.94,0.171,0.504,0.953
CN1_002045,3.07,0.113,0.607,1.975
CN1_002046,nd,0.114,0.312,0.252
CN1_002047,nd,nd,nd,2.531
CN1_002048,nd,0.651,2.871,3.463
CN1_002049,nd,0.008,0.069,0.301
CN1_002050,2.01,-0.873,-0.368,0.214
CN1_002051,nd,0.714,0.553,1.279
CN1_002052,nd,-0.033,0.140,0.900
CN1_002053,2.78,0.780,1.168,2.329
CN1_002054,3.68,0.819,0.548,1.034
CN1_002055,2.73,0.394,0.711,1.126
CN1_002056,2.57,0.357,0.459,0.176
CN1_002057,2.05,-0.772,-1.493,-1.142
CN1_002058,2.07,-0.186,-0.165,0.515
CN1_002059,nd,0.264,0.449,1.299
CN1_002060,nd,nd,nd,nd
CN1_002061,nd,nd,nd,nd
CN1_002062,3.01,0.146,-0.519,-0.729
CN1_002063,nd,-1.118,0.321,0.007
CN1_002064,2.29,-0.199,-0.129,-0.115
CN1_002065,nd,-1.365,0.131,0.481
CN1_002066,nd,0.628,0.590,1.253
CN1_002067,1.98,-0.569,-0.610,-1.040
CN1_002068,2.74,0.129,0.321,-0.230
CN1_002069,2.94,0.150,0.383,-0.300
CN1_002070,2.91,0.462,0.378,0.673
CN1_002071,nd,0.482,0.120,0.680
CN1_002072,3.07,0.627,1.061,1.487
CN1_002073,2.69,0.321,-0.183,-0.535
CN1_002074,2.86,0.389,0.219,0.321
CN1_002075,2.64,-0.298,-0.006,-0.149
CN1_002076,3.62,0.719,0.012,0.378
CN1_002077,1.93,-0.087,-0.522,-1.271
CN1_002078,nd,-0.102,-0.010,1.042
CN1_002079,nd,nd,nd,nd
CN1_002080,2.03,-0.186,-0.036,-0.366
CN1_002081,2.02,-0.577,-0.206,0.299
CN1_002082,nd,0.216,0.512,1.387
CN1_002083,3.25,0.260,0.384,0.534
CN1_002084,nd,0.016,2.295,3.186
CN1_002085,2.90,0.051,0.362,0.261
CN1_002086,2.70,0.055,-0.365,0.156
CN1_002087,nd,0.829,1.942,4.229
CN1_002088,nd,nd,nd,nd
CN1_002089,nd,0.093,0.086,0.090
CN1_002090,1.92,0.095,-0.136,-0.950
CN1_002091,nd,nd,nd,nd
CN1_002092,nd,0.845,0.738,1.361
CN1_002093,3.28,0.299,0.236,0.644
CN1_002094,2.00,-0.050,-0.859,-1.624
CN1_002095,2.99,0.069,0.641,0.818
CN1_002096,1.67,-0.542,-0.541,-1.268
CN1_002097,2.06,-0.311,-1.124,-2.274
CN1_002098,2.99,nd,,
CN1_002099,2.64,-0.474,-1.516,-1.476
CN1_002100,nd,0.556,1.392,2.138
CN1_002101,1.79,-0.309,-0.022,-0.061
CN1_002102,nd,0.019,0.854,2.180
CN1_002103,2.36,0.093,0.142,0.105
CN1_002105,2.15,-0.016,0.143,0.162
CN1_002106,nd,0.288,0.234,0.556
CN1_002107,2.10,-0.577,-0.325,-0.392
CN1_002108,3.14,0.067,-0.449,-0.466
CN1_002109,2.99,0.586,0.405,0.574
CN1_002110,nd,0.459,0.553,1.009
CN1_002111,nd,0.182,0.896,0.877
CN1_002112,2.76,0.297,0.275,0.436
CN1_002113,3.31,0.746,0.253,1.337
CN1_002114,2.56,-0.303,-0.296,-0.351
CN1_002115,1.99,-0.130,-0.178,-0.699
CN1_002116,2.34,0.244,-0.125,-0.349
CN1_002117,nd,nd,nd,nd
CN1_002118,1.99,-0.388,-0.119,-0.075
CN1_002119,nd,0.812,0.098,0.717
CN1_002120,nd,0.043,0.826,1.769
CN1_002121,2.74,-0.013,-0.474,-0.137
CN1_002122,2.15,-0.434,-0.505,-0.431
CN1_002123,2.16,-0.379,-0.340,-0.401
CN1_002125,nd,0.176,1.561,1.408
CN1_002126,4.35,0.721,0.933,1.336
CN1_002127,nd,nd,nd,nd
CN1_002128,2.79,0.422,0.461,1.108
CN1_002129,2.67,0.546,0.191,0.226
CN1_002130,2.10,-0.319,-0.377,-1.147
CN1_002131,nd,nd,nd,nd
CN1_002132,3.04,0.373,0.957,0.793
CN1_002133,nd,-0.264,-0.109,1.245
CN1_002134,2.81,0.224,0.004,0.511
CN1_002135,3.44,0.630,0.239,-0.632
CN1_002136,2.63,0.314,0.206,0.228
CN1_002137,nd,-0.083,-0.606,-0.208
CN1_002138,nd,0.589,0.513,1.716
CN1_002139,3.09,0.211,0.120,-0.076
CN1_002140,nd,nd,nd,nd
CN1_002141,nd,nd,nd,nd
CN1_002142,nd,-0.179,0.745,0.280
CN1_002143,nd,-1.102,-0.490,-0.765
CN1_002144,nd,0.183,1.660,2.771
CN1_002145,2.18,0.269,0.607,0.591
CN1_002146,2.19,-0.164,-0.182,-0.018
CN1_002147,2.09,nd,nd,nd
CN1_002148,2.38,-0.087,0.672,1.156
CN1_002149,1.76,-0.402,0.116,0.290
CN1_002150,2.88,0.404,0.282,1.215
CN1_002151,2.33,0.300,0.246,0.282
CN1_002152,2.09,-0.521,1.022,0.572
CN1_002153,nd,0.459,0.401,1.094
CN1_002154,nd,nd,nd,nd
CN1_002155,nd,nd,nd,nd
CN1_002156,nd,nd,nd,nd
CN1_002158,2.12,-0.026,-0.229,-1.285
CN1_002159,2.20,-0.097,0.572,-0.789
CN1_002160,1.86,-0.143,-0.228,-1.069
CN1_002161,2.80,0.169,1.063,1.910
CN1_002162,nd,-0.151,0.614,1.115
CN1_002163,2.86,0.319,-0.121,0.113
CN1_002164,2.19,-1.353,-1.231,-2.362
CN1_002165,nd,0.126,0.357,0.843
CN1_002166,nd,0.286,0.868,2.120
CN1_002167,2.66,0.311,-0.218,-0.319
CN1_002168,2.09,-0.343,0.547,0.557
CN1_002169,nd,-0.114,1.144,1.820
CN1_002170,nd,-0.227,-0.236,0.172
CN1_002171,1.78,-0.423,-0.361,-1.327
CN1_002172,2.82,0.487,1.111,1.765
CN1_002173,2.90,0.192,0.003,-0.473
CN1_002174,3.27,0.502,0.544,0.582
CN1_002175,nd,0.209,2.024,4.000
CN1_002176,2.29,0.014,0.230,-0.451
CN1_002177,1.99,-0.869,-1.293,-1.780
CN1_002178,nd,-0.162,-0.594,-1.024
CN1_002179,3.05,-0.233,-0.158,0.084
CN1_002180,2.63,0.239,0.289,0.026
CN1_002181,2.84,-0.042,-0.139,-0.582
CN1_002182,2.88,-0.964,-0.696,-0.756
CN1_002183,nd,0.296,0.308,1.635
CN1_002184,2.41,-0.250,-0.555,-0.370
CN1_002185,2.52,0.284,0.334,-0.087
CN1_002186,2.80,0.374,0.210,0.029
CN1_002187,2.87,0.463,0.402,0.082
CN1_002188,3.28,-0.355,-0.552,-0.735
CN1_002189,2.76,0.139,0.395,0.463
CN1_002190,2.30,-0.611,-1.156,-0.610
CN1_002191,3.13,0.103,0.167,0.343
CN1_002192,2.51,0.041,0.108,0.191
CN1_002193,2.22,-0.208,-0.250,-0.585
CN1_002194,1.90,-0.794,-0.436,-1.070
CN1_002195,3.17,0.489,-0.034,0.580
CN1_002196,2.94,-1.475,-2.366,-3.064
CN1_002197,2.09,0.003,-0.558,-1.047
CN1_002198,2.16,-0.027,0.028,-0.508
CN1_002199,2.37,0.285,-0.160,-0.255
CN1_002200,2.91,-0.053,0.325,0.578
CN1_002201,2.35,0.085,-0.165,-0.319
CN1_002202,3.16,nd,nd,nd
CN1_002203,nd,-0.028,0.012,0.339
CN1_002204,2.46,-1.107,-1.317,-2.012
CN1_002205,2.43,-0.122,-0.177,-0.412
CN1_002206,2.71,0.329,0.662,0.355
CN1_002207,2.25,-0.467,-0.674,-0.700
CN1_002208,3.00,0.283,-0.069,-0.524
CN1_002209,nd,-0.156,0.927,1.376
CN1_002210,2.00,0.138,-0.231,-0.400
CN1_002211,2.32,-0.544,-0.682,-1.502
CN1_002212,2.01,-0.107,-0.406,-0.719
CN1_002213,2.20,-0.204,-0.389,-0.871
CN1_002214,2.73,0.086,-0.013,-0.137
CN1_002215,2.05,-0.316,-0.284,-0.703
CN1_002216,1.53,-1.256,0.144,-0.179
CN1_002217,1.87,-0.294,-0.379,-0.523
CN1_002218,2.84,-0.625,-0.886,-0.914
CN1_002219,1.85,-0.245,-1.050,-1.900
CN1_002220,nd,0.045,2.670,3.598
CN1_002221,1.56,-0.446,-0.295,-0.992
CN1_002222,1.73,-0.363,-0.108,-0.955
CN1_002223,2.18,0.046,-0.403,-0.942
CN1_002224,3.38,0.783,0.258,1.116
CN1_002225,nd,nd,nd,nd
CN1_002226,2.09,-0.348,-0.337,-0.113
CN1_002227,nd,0.088,-0.141,0.088
CN1_002228,nd,nd,nd,nd
CN1_002229,nd,0.359,1.292,2.747
CN1_002230,2.30,-0.191,-0.955,-0.851
CN1_002231,1.47,-0.894,-0.940,-1.711
CN1_002232,nd,0.446,0.576,0.193
CN1_002233,1.98,-0.166,-0.761,-0.874
CN1_002234,2.22,-0.152,0.532,0.520
CN1_002235,nd,0.286,0.591,1.335
CN1_002236,nd,nd,nd,nd
CN1_002237,2.84,0.077,-0.109,-0.317
CN1_002238,1.70,-0.929,-0.425,-1.016
CN1_002239,3.28,0.186,-0.002,0.263
CN1_002240,2.71,-0.176,0.055,0.507
CN1_002241,nd,nd,nd,nd
CN1_002242,3.20,-0.073,-0.731,-0.575
CN1_002243,2.78,-1.231,-1.082,-0.291
CN1_002244,nd,0.466,0.546,1.209
CN1_002245,2.74,0.329,-0.347,-0.142
CN1_002246,nd,0.183,0.527,0.539
CN1_002247,2.29,0.213,0.164,0.450
CN1_002248,nd,0.218,0.627,0.518
CN1_002249,nd,nd,nd,nd
CN1_002250,2.46,0.305,-0.119,-0.895
CN1_002251,2.26,0.081,0.059,0.904
CN1_002252,nd,-1.877,-1.108,0.188
CN1_002253,nd,-1.093,0.477,0.634
CN1_002254,nd,-0.089,-0.533,0.843
CN1_002255,nd,-0.322,0.486,-0.144
CN1_002256,nd,0.299,1.180,2.135
CN1_002258,nd,-0.159,nd,1.298
CN1_002259,2.11,0.245,-0.024,-0.540
CN1_002260,2.90,0.353,0.294,0.288
CN1_002261,1.99,-0.359,-0.186,-0.106
CN1_002262,nd,0.284,0.252,0.681
CN1_002263,nd,-0.611,0.045,-0.285
CN1_002264,3.03,0.663,0.700,1.611
CN1_002265,2.15,-0.036,-0.281,-0.698
CN1_002266,1.84,-0.685,-0.195,-0.674
CN1_002267,3.28,-0.220,-0.389,-0.613
CN1_002268,2.15,0.042,-0.406,-0.650
CN1_002269,1.97,-0.291,-0.231,-0.789
CN1_002270,2.69,0.533,0.503,1.403
CN1_002271,2.63,0.297,0.870,1.222
CN1_002272,nd,0.393,nd,1.833
CN1_002273,2.03,-0.032,-0.057,0.046
CN1_002274,nd,-0.259,0.159,-0.167
CN1_002275,2.23,-0.320,-0.127,0.775
CN1_002276,2.54,-0.296,-0.400,-0.349
CN1_002277,nd,0.160,0.515,0.579
CN1_002278,nd,nd,nd,nd
CN1_002279,1.65,-0.755,-1.454,-1.722
CN1_002280,nd,nd,nd,nd
CN1_002281,nd,nd,nd,nd
CN1_002282,nd,0.827,1.133,1.144
CN1_002283,nd,-0.050,0.109,0.361
CN1_002284,3.34,0.491,1.096,1.313
CN1_002285,nd,nd,nd,nd
CN1_002286,2.89,0.043,0.176,0.648
CN1_002287,2.45,-0.396,-1.148,-0.453
CN1_002288,2.87,0.398,0.532,0.220
CN1_002289,2.96,0.218,0.615,0.337
CN1_002290,1.56,-1.050,-0.327,-1.867
CN1_002291,2.66,-0.011,0.088,-0.692
CN1_002292,2.83,0.423,0.141,0.160
CN1_002293,3.12,0.394,0.618,0.683
CN1_002294,nd,0.910,1.022,2.063
CN1_002295,2.62,0.035,-0.128,-0.560
CN1_002296,nd,0.196,0.619,1.156
CN1_002297,2.04,-0.241,-0.238,-0.793
CN1_002298,1.97,-0.707,-0.718,-2.009
CN1_002299,3.10,0.349,0.231,1.334
CN1_002300,1.67,-0.284,-0.369,-0.501
CN1_002301,1.90,-0.116,-0.240,0.081
CN1_002302,2.00,-0.396,-0.875,-1.386
CN1_002303,2.00,-0.074,-0.552,-1.295
CN1_002304,3.16,0.286,-0.049,0.053
CN1_002305,3.09,-1.938,-1.918,-2.606
CN1_002306,nd,nd,nd,nd
CN1_002307,2.73,0.467,-0.061,0.354
CN1_002308,nd,0.657,0.939,2.473
CN1_002309,3.91,0.287,0.240,0.454
CN1_002310,3.71,-2.617,-3.466,-2.372
CN1_002311,2.86,nd,nd,nd
CN1_002312,2.86,0.335,0.077,0.630
CN1_002313,2.53,-0.301,-0.079,-0.042
CN1_002314,2.16,0.110,-0.669,-1.180
CN1_002315,2.65,-0.006,0.081,-0.548
CN1_002316,2.62,-0.268,0.497,0.298
CN1_002317,nd,nd,nd,nd
CN1_002318,nd,-0.206,0.457,0.287
CN1_002319,2.55,0.205,0.164,-0.292
CN1_002320,3.72,0.657,1.079,1.797
CN1_002321,nd,-0.715,0.135,0.454
CN1_002322,nd,nd,nd,nd
CN1_002323,nd,-0.195,0.418,0.360
CN1_002324,2.02,-0.495,-0.954,-0.499
CN1_002325,2.65,0.122,0.451,0.126
CN1_002326,2.88,0.314,-0.386,0.184
CN1_002327,2.36,0.290,-0.261,-0.637
CN1_002328,nd,-1.356,-1.321,-0.301
CN1_002329,3.61,0.758,0.797,0.235
CN1_002330,nd,0.145,0.558,0.659
CN1_002331,nd,0.315,3.158,4.805
CN1_002332,nd,0.494,0.341,0.745
CN1_002333,nd,-0.434,-0.825,-0.708
CN1_002334,nd,-0.148,nd,1.539
CN1_002335,2.53,0.347,-0.092,-0.387
CN1_002336,2.52,0.221,0.188,-0.225
CN1_002337,3.02,0.445,-0.464,0.157
CN1_002338,nd,0.900,1.591,3.214
CN1_002339,2.73,0.189,0.411,0.333
CN1_002340,3.07,0.326,0.348,0.258
CN1_002341,2.79,0.352,0.184,0.090
CN1_002342,nd,nd,nd,0.120
CN1_002343,nd,0.029,1.307,1.632
CN1_002344,2.06,-0.078,-0.108,-0.897
CN1_002345,nd,nd,nd,nd
CN1_002346,2.80,0.514,-0.176,0.231
CN1_002347,nd,0.321,0.063,0.531
CN1_002348,2.46,0.158,0.002,-0.620
CN1_002349,nd,nd,nd,nd
CN1_002350,nd,-0.205,0.644,1.204
CN1_002351,nd,-0.939,0.508,1.053
CN1_002352,2.06,0.012,0.011,-0.401
CN1_002353,1.96,-0.247,-0.340,-0.538
CN1_002354,nd,-0.153,1.088,1.887
CN1_002355,2.16,nd,nd,nd
CN1_002356,2.63,-0.355,0.336,-0.476
CN1_002357,2.44,-0.282,0.160,0.079
CN1_002358,1.90,-0.432,-0.865,-1.355
CN1_002359,1.99,-0.144,-0.391,-0.653
CN1_002360,2.08,-0.251,-0.835,-0.496
CN1_002361,3.38,0.791,1.173,1.420
CN1_002362,2.23,nd,nd,nd
CN1_002363,3.09,0.179,0.101,0.442
CN1_002364,3.28,0.386,0.824,1.648
CN1_002365,2.04,-0.838,-0.200,-1.296
CN1_002366,3.44,-1.935,-2.050,-1.339
CN1_002367,1.46,-0.760,-1.603,-1.816
CN1_002368,2.50,-0.005,-0.311,0.172
CN1_002369,nd,0.163,0.249,0.701
CN1_002370,3.44,0.389,0.867,-0.902
CN1_002371,3.11,0.324,0.201,0.102
CN1_002372,2.89,0.599,0.392,0.156
CN1_002373,nd,-0.733,0.450,1.000
CN1_002374,2.46,0.217,0.163,-0.484
CN1_002375,3.61,0.715,0.181,0.222
CN1_002376,2.22,-0.616,-0.307,-0.657
CN1_002377,nd,nd,nd,nd
CN1_002378,2.53,0.438,-0.254,-0.293
CN1_002379,3.35,0.767,0.709,1.050
CN1_002380,nd,0.469,0.548,1.214
CN1_002381,2.32,0.021,-0.196,-0.782
CN1_002382,nd,nd,nd,nd
CN1_002383,1.81,-0.494,0.135,-0.177
CN1_002384,nd,-0.010,0.060,0.635
CN1_002385,nd,-0.593,-0.320,0.341
CN1_002386,nd,0.076,1.221,1.871
CN1_002387,1.77,nd,nd,nd
CN1_002388,2.72,0.335,0.583,0.741
CN1_002389,2.11,-0.723,-1.086,-1.858
CN1_002390,2.25,nd,-0.247,-1.216
CN1_002391,2.88,-0.447,-1.477,-2.152
CN1_002392,2.11,-0.332,-0.706,-1.544
CN1_002393,2.82,0.169,0.056,-0.455
CN1_002394,1.68,-0.426,-0.300,-1.155
CN1_002395,2.44,0.069,-0.079,-0.105
CN1_002396,2.85,0.125,0.441,0.046
CN1_002397,2.61,-0.022,0.400,0.772
CN1_002398,2.62,0.431,0.232,-0.222
CN1_002399,1.86,-0.525,-0.796,-1.258
CN1_002400,nd,nd,nd,nd
CN1_002401,nd,0.506,0.338,0.778
CN1_002402,nd,nd,nd,nd
CN1_002403,nd,-0.081,-1.128,1.194
CN1_002404,1.69,nd,nd,0.182
CN1_002405,nd,0.141,0.072,0.794
CN1_002406,3.39,0.510,0.752,0.867
CN1_002407,nd,-0.039,0.119,1.104
CN1_002408,1.40,-1.298,-0.659,-0.729
CN1_002409,2.04,0.075,0.057,-0.727
CN1_002410,nd,-0.305,0.195,0.716
CN1_002411,1.98,-0.343,-0.346,-0.649
CN1_002412,nd,nd,nd,nd
CN1_002413,nd,0.560,0.677,0.629
CN1_002414,1.95,-0.627,-0.761,-1.654
CN1_002415,nd,0.073,1.191,2.128
CN1_002416,nd,-0.720,-0.001,0.210
CN1_002417,nd,0.387,0.341,0.811
CN1_002418,nd,nd,nd,nd
CN1_002419,nd,nd,nd,nd
CN1_002420,nd,1.255,0.562,1.785
CN1_002421,nd,0.536,0.628,0.959
CN1_002422,nd,0.087,0.582,1.229
CN1_002423,nd,0.611,-0.064,0.315
CN1_002424,nd,nd,nd,3.570
CN1_002425,3.26,0.576,1.048,2.358
CN1_002426,2.38,-0.157,-0.630,-0.657
CN1_002427,2.40,0.057,0.134,0.360
CN1_002428,2.27,-0.917,-0.308,-0.200
CN1_002429,2.09,-0.172,-0.019,-0.234
CN1_002430,2.68,-0.271,-0.209,-0.510
CN1_002432,2.72,0.325,0.333,0.454
CN1_002433,nd,0.665,1.285,1.688
CN1_002434,2.95,0.501,0.434,0.516
CN1_002435,2.98,-0.204,-0.354,-0.518
CN1_002436,2.57,0.144,-0.431,-0.783
CN1_002437,2.46,0.107,-0.520,-1.439
CN1_002438,2.59,0.362,0.115,0.649
CN1_002439,3.19,-0.087,0.339,-0.040
CN1_002440,3.24,0.482,0.705,1.121
CN1_002441,3.06,0.422,0.623,0.969
CN1_002442,1.84,-0.237,-0.252,-0.004
CN1_002443,2.35,nd,nd,nd
CN1_002444,nd,nd,nd,nd
CN1_002445,4.04,0.633,1.426,1.971
CN1_002446,2.38,0.196,0.229,0.164
CN1_002447,2.44,-0.015,0.475,-0.588
CN1_002448,nd,-0.503,0.896,0.678
CN1_002449,2.19,-0.220,-0.214,-0.853
CN1_002450,3.92,0.830,0.701,0.794
CN1_002451,nd,nd,nd,-0.482
CN1_002452,nd,0.436,1.733,2.082
CN1_002453,nd,0.274,0.170,0.943
CN1_002454,3.17,-0.375,-0.108,0.826
CN1_002455,3.36,0.203,1.267,1.595
CN1_002456,2.86,-0.321,-0.020,-0.270
CN1_002457,2.66,0.090,-0.044,-0.027
CN1_002458,2.87,0.372,0.338,0.455
CN1_002459,2.84,0.685,0.403,0.688
CN1_002460,nd,0.639,2.484,3.336
CN1_002461,2.71,0.383,0.288,0.802
CN1_002462,2.86,0.379,0.643,0.458
CN1_002463,2.94,0.224,0.776,0.989
CN1_002464,3.00,0.406,-0.474,-0.271
CN1_002465,2.91,0.347,0.425,0.230
CN1_002466,nd,-0.352,0.231,-0.893
CN1_002467,nd,0.031,0.348,1.208
CN1_002468,nd,-0.683,-0.120,1.396
CN1_002469,2.92,0.174,0.364,0.627
CN1_002470,1.75,-0.238,0.034,-0.406
CN1_002471,2.87,-0.223,0.202,0.491
CN1_002472,2.00,0.314,-0.476,-0.314
CN1_002473,2.63,0.307,0.432,0.424
CN1_002474,2.01,-0.572,-0.660,-3.487
CN1_002475,2.84,0.505,0.106,-0.325
CN1_002477,2.76,0.209,0.141,0.386
CN1_002478,nd,0.375,1.304,1.935
CN1_002479,3.17,0.490,-0.265,-0.579
CN1_002480,2.39,-0.160,0.387,0.810
CN1_002481,1.88,-0.572,0.072,1.320
CN1_002482,nd,-0.058,1.321,2.412
CN1_002483,2.55,nd,nd,nd
CN1_002484,3.12,0.308,-0.426,-1.000
CN1_002485,2.36,-0.920,-1.341,-2.437
CN1_002486,2.04,-0.281,-0.967,-1.471
CN1_002487,1.75,-0.657,-0.738,-1.022
CN1_002488,2.06,0.019,0.617,0.636
CN1_002489,2.12,-0.928,-1.802,-2.430
CN1_002490,nd,0.715,1.070,1.650
CN1_002491,nd,0.430,1.426,1.603
CN1_002492,nd,0.106,2.026,3.845
CN1_002493,nd,nd,nd,nd
CN1_002494,nd,0.052,-0.070,0.301
CN1_002495,2.94,0.640,0.310,0.411
CN1_002496,2.94,0.281,-0.267,-0.272
CN1_002497,nd,0.359,0.100,-0.212
CN1_002498,2.17,-0.439,1.203,1.605
CN1_002499,3.64,0.260,0.141,0.485
CN1_002500,2.65,0.049,-0.376,0.182
CN1_002501,2.92,0.435,0.317,0.419
CN1_002502,2.85,0.154,-0.384,-0.128
CN1_002503,nd,nd,nd,nd
CN1_002504,2.70,-0.375,0.452,-0.469
CN1_002505,2.85,0.438,0.605,0.938
CN1_002506,2.77,0.375,0.329,0.410
CN1_002507,2.67,0.108,-0.228,-0.371
CN1_002508,2.64,-0.676,-0.910,-2.115
CN1_002510,2.80,0.606,-0.385,0.323
CN1_002511,2.26,-0.088,-0.078,-0.431
CN1_002512,nd,-0.052,1.890,2.714
CN1_002513,2.83,0.224,0.129,-0.156
CN1_002514,2.84,0.296,0.218,0.103
CN1_002515,3.27,0.604,1.051,1.592
CN1_002516,nd,-1.764,-2.386,-0.740
CN1_002517,3.07,-2.782,-2.684,-2.274
CN1_002518,nd,nd,nd,2.850
CN1_002519,3.10,0.326,-0.021,0.062
CN1_002520,1.81,-0.279,-0.410,-1.394
CN1_002521,2.76,-0.194,-0.186,-0.747
CN1_002522,nd,nd,nd,nd
CN1_002523,nd,0.538,0.244,1.356
CN1_002524,2.82,-0.184,0.209,0.149
CN1_002525,2.22,-0.370,-0.461,-0.707
CN1_002526,1.78,-0.146,-0.267,-0.817
CN1_002527,nd,0.738,0.669,1.077
CN1_002528,1.88,-0.573,-0.829,-0.362
CN1_002529,3.28,0.162,0.397,0.410
CN1_002530,nd,nd,nd,2.699
CN1_002531,nd,nd,nd,nd
CN1_002532,nd,0.051,-0.393,-0.149
CN1_002533,2.28,0.025,-0.308,-0.611
CN1_002534,nd,nd,nd,nd
CN1_002535,2.06,nd,,
CN1_002536,nd,0.273,0.434,1.311
CN1_002537,nd,-1.035,0.210,0.508
CN1_002538,1.82,-0.153,-0.163,-0.330
CN1_002539,nd,-0.131,0.931,1.452
CN1_002540,3.35,0.577,0.457,0.669
CN1_002542,2.52,0.551,0.632,0.792
CN1_002543,nd,0.250,1.369,2.313
CN1_002544,2.78,0.307,-0.037,0.091
CN1_002545,2.26,-0.022,0.219,0.198
CN1_002547,nd,nd,nd,nd
CN1_002548,2.93,0.148,-0.170,0.630
CN1_002549,1.84,-0.675,-0.691,-1.812
CN1_002550,1.97,-1.107,-1.451,-2.403
CN1_002551,2.89,-1.242,-1.376,-1.701
CN1_002552,1.82,-1.388,-1.577,-2.273
CN1_002553,3.08,nd,nd,nd
CN1_002554,1.96,-0.757,-1.156,-2.090
CN1_002556,1.63,-0.554,-0.106,-0.629
CN1_002557,1.83,-0.503,-0.188,-0.031
CN1_002558,2.46,0.310,0.860,1.112
CN1_002559,nd,-0.255,0.165,-1.124
CN1_002560,nd,nd,nd,nd
CN1_002561,nd,0.555,0.589,0.787
CN1_002562,nd,0.204,0.440,-0.919
CN1_002563,2.05,-0.084,-0.353,-0.877
CN1_002564,nd,-0.929,-0.646,-0.460
CN1_002565,2.68,-0.509,0.910,0.545
CN1_002566,nd,0.294,1.122,2.171
CN1_002567,1.98,-0.098,0.716,1.362
CN1_002568,2.41,-0.186,-0.685,-0.671
CN1_002569,2.75,0.392,0.039,0.048
CN1_002570,3.93,0.743,0.349,0.519
CN1_002571,3.12,0.054,0.109,0.296
CN1_002572,3.00,0.383,0.176,0.269
CN1_002573,3.02,0.459,0.039,0.310
CN1_002574,2.13,-0.063,-0.165,0.291
CN1_002575,nd,0.404,1.221,3.053
CN1_002576,nd,0.329,1.095,1.858
CN1_002577,2.35,-0.090,0.007,-0.054
CN1_002578,1.86,-0.472,-0.627,-1.405
CN1_002579,nd,0.384,-0.047,-0.284
CN1_002580,2.26,-0.010,-0.320,-1.100
CN1_002582,3.23,0.674,0.459,0.944
CN1_002583,3.29,0.382,0.366,1.159
CN1_002584,3.06,0.635,0.684,1.070
CN1_002585,nd,0.524,1.033,1.572
CN1_002586,nd,0.360,1.435,2.394
CN1_002587,2.64,0.235,0.112,0.157
CN1_002588,nd,-0.422,-0.432,-0.471
CN1_002589,2.46,0.086,-0.154,-0.938
CN1_002590,3.18,0.465,-0.315,0.350
CN1_002591,3.75,0.228,0.327,-0.039
CN1_002592,2.09,0.005,-0.652,-0.789
CN1_002593,2.95,0.462,0.472,0.695
CN1_002594,2.03,-0.118,0.609,0.818
CN1_002595,1.61,-0.350,-0.596,-0.724
CN1_002596,2.05,-0.015,0.289,0.211
CN1_002597,1.87,-0.306,-0.007,-0.708
CN1_002598,1.80,-0.590,0.181,-0.252
CN1_002599,nd,0.459,1.471,1.510
CN1_002600,nd,0.347,0.989,1.844
CN1_002601,2.43,0.178,-0.186,-0.210
CN1_002602,0.97,-1.917,-1.588,-2.824
CN1_002604,2.06,-0.379,-0.026,-0.062
CN1_002605,nd,-0.461,-0.303,0.668
CN1_002606,2.44,-0.414,-0.493,-0.540
CN1_002607,nd,0.128,0.362,0.370
CN1_002608,nd,-0.322,0.811,0.418
CN1_002609,2.91,0.423,0.344,0.375
CN1_002610,nd,0.777,1.585,2.500
CN1_002611,2.06,-0.280,-0.693,-1.003
CN1_002612,2.47,0.370,-0.237,-0.535
CN1_002613,2.26,-0.159,-0.254,-0.324
CN1_002614,2.51,0.145,0.276,0.206
CN1_002615,3.03,0.279,-0.409,-0.245
CN1_002616,2.09,-0.338,0.092,-1.383
CN1_002617,2.74,0.446,0.482,0.008
CN1_002618,2.68,0.112,-0.454,-0.924
CN1_002619,2.70,-0.068,-0.142,-0.717
CN1_002620,3.67,0.152,-0.064,-0.003
CN1_002621,3.03,0.539,0.867,1.861
CN1_002622,nd,0.286,0.517,1.127
CN1_002623,2.77,0.281,0.454,1.161
CN1_002624,2.58,0.131,0.239,-0.010
CN1_002625,2.57,-0.278,-0.171,-0.654
CN1_002626,1.64,-0.544,-1.080,-1.888
CN1_002627,1.72,-0.593,-0.806,-1.232
CN1_002628,nd,-0.370,0.763,1.203
CN1_002629,2.70,-1.314,-1.297,-1.255
CN1_002630,1.91,-0.541,-0.883,-1.139
CN1_002631,2.99,0.315,0.649,0.540
CN1_002632,3.16,0.437,-0.096,-0.142
CN1_002633,nd,-0.723,0.903,0.627
CN1_002634,2.25,-0.210,-0.129,-0.340
CN1_002635,2.73,0.852,1.944,1.923
CN1_002636,nd,-2.370,1.439,3.250
CN1_002637,nd,-0.157,0.305,0.693
CN1_002638,nd,0.284,0.639,0.987
CN1_002639,2.00,-0.041,-0.022,0.331
CN1_002640,2.33,0.168,0.181,0.495
CN1_002641,nd,0.372,1.426,2.018
CN1_002642,3.25,-0.098,-0.262,0.414
CN1_002643,3.74,0.646,0.325,0.751
CN1_002644,2.84,-1.913,-1.193,-0.869
CN1_002645,4.34,0.679,0.596,0.952
CN1_002646,3.88,0.844,0.788,1.144
CN1_002647,nd,0.221,0.039,0.284
CN1_002648,2.60,0.039,-0.252,-0.722
CN1_002649,1.90,-0.911,-0.713,-1.534
CN1_002650,nd,-0.366,-0.074,0.798
CN1_002651,2.46,0.419,-0.261,-1.052
CN1_002652,2.03,-0.007,0.374,0.143
CN1_002653,1.69,-0.419,-0.495,-1.058
CN1_002654,2.07,0.047,-0.100,-0.529
CN1_002655,2.94,0.045,0.016,-0.160
CN1_002656,2.58,0.006,-0.307,-0.180
CN1_002657,2.96,0.048,0.155,-0.251
CN1_002658,2.55,0.112,-0.053,-0.621
CN1_002659,2.72,0.503,-0.202,0.075
CN1_002660,2.85,-0.388,-0.091,0.047
CN1_002661,1.91,-0.457,-0.994,-1.471
CN1_002662,nd,-0.099,1.801,1.677
CN1_002663,nd,0.185,0.414,0.649
CN1_002664,nd,-0.052,0.805,0.803
CN1_002665,2.30,-0.349,-0.285,-0.929
CN1_002666,1.56,-1.204,-1.772,-2.354
CN1_002667,1.52,-0.558,0.106,-1.235
CN1_002668,2.94,0.494,0.152,-0.102
CN1_002669,2.12,-0.320,-0.806,-1.534
CN1_002670,2.11,-0.024,-0.074,-0.275
CN1_002671,2.65,0.355,0.711,0.820
CN1_002672,2.07,-0.634,-0.976,-1.285
CN1_002673,2.75,-0.196,-0.271,0.257
CN1_002674,2.00,-0.293,-0.340,-0.511
CN1_002675,2.93,-0.073,0.243,0.963
CN1_002676,2.46,-0.117,0.381,0.416
CN1_002677,1.70,-0.472,-0.506,-1.198
CN1_002678,2.90,0.050,-0.330,-1.095
CN1_002679,2.19,-0.216,-0.229,-0.578
CN1_002680,2.03,0.149,-0.528,-1.191
CN1_002681,2.73,0.016,-0.143,-0.440
CN1_002682,nd,0.309,0.647,1.154
CN1_002683,2.04,-0.155,0.037,-0.217
CN1_002684,2.31,0.314,0.021,-0.273
CN1_002685,nd,0.686,0.539,1.077
CN1_002686,nd,0.371,0.700,1.677
CN1_002687,nd,0.153,1.123,2.887
CN1_002688,2.94,0.738,1.133,1.607
CN1_002689,2.89,0.684,-0.093,0.647
CN1_002690,2.23,-0.033,-0.365,-0.982
CN1_002691,1.67,-0.614,-1.121,-1.891
CN1_002692,2.27,-0.085,-0.182,-0.774
CN1_002693,nd,0.181,-0.303,0.495
CN1_002694,nd,0.517,0.842,1.757
CN1_002695,2.98,0.362,0.514,1.254
CN1_002696,2.67,0.186,-0.009,-0.232
CN1_002697,2.48,0.141,-0.874,0.555
CN1_002698,nd,-0.623,0.603,0.893
CN1_002699,2.78,-0.170,-0.624,0.275
CN1_002700,nd,-0.102,0.406,0.677
CN1_002701,3.26,0.310,0.251,1.403
CN1_002702,2.77,0.501,0.075,-0.034
CN1_002703,1.94,-0.349,0.053,0.128
CN1_002704,nd,-0.179,0.017,0.824
CN1_002705,2.21,0.076,-0.393,-0.640
CN1_002706,2.06,-0.068,-0.399,-0.063
CN1_002707,nd,-0.101,0.429,1.385
CN1_002708,nd,-0.237,-1.013,-0.183
CN1_002709,2.90,0.675,-0.086,-0.123
CN1_002710,2.49,0.123,-0.603,-0.555
CN1_002711,nd,0.385,0.455,1.108
CN1_002712,3.09,0.511,0.394,1.121
CN1_002713,3.07,0.323,0.455,1.025
CN1_002714,1.88,0.227,-0.880,-1.350
CN1_002715,3.47,0.444,0.258,0.759
CN1_002716,nd,-0.099,0.841,2.667
CN1_002717,1.74,-0.144,-0.295,-0.422
CN1_002718,1.89,-0.101,-1.481,-0.648
CN1_002719,nd,0.574,0.874,1.749
CN1_002720,3.18,0.639,0.517,1.175
CN1_002721,2.92,-0.108,-0.674,-0.678
CN1_002722,2.83,-0.033,-0.223,0.481
CN1_002723,1.72,nd,nd,nd
CN1_002724,1.98,-0.703,1.691,1.557
CN1_002725,2.78,0.069,-0.121,0.051
CN1_002726,nd,nd,nd,nd
CN1_002727,2.06,-0.638,-1.148,-2.267
CN1_002728,2.21,-0.300,-0.472,-0.809
CN1_002729,2.03,-0.176,-0.073,-0.801
CN1_002730,nd,0.441,3.510,4.410
CN1_002731,1.87,-0.551,-0.840,-1.693
CN1_002732,2.15,-0.721,-0.932,-1.910
CN1_002733,2.38,-1.180,-1.636,-2.403
CN1_002734,2.00,-0.127,-0.543,-1.462
CN1_002736,2.63,0.061,-0.085,-0.304
CN1_002737,1.80,-0.769,-0.833,-1.580
CN1_002738,2.38,0.115,0.262,0.333
CN1_002739,2.02,-0.435,-0.390,-1.255
CN1_002740,2.89,0.265,0.273,0.036
CN1_002741,nd,0.142,-0.156,0.055
CN1_002742,3.32,0.346,0.692,1.009
CN1_002743,2.22,0.122,-0.382,-0.848
CN1_002744,2.68,0.070,0.355,0.106
CN1_002745,2.74,-0.187,0.068,-0.827
CN1_002746,2.90,0.302,0.883,1.491
CN1_002747,2.32,-0.111,-0.221,-0.349
CN1_002748,nd,-0.798,0.195,0.173
CN1_002749,1.76,-0.353,-0.520,-1.137
CN1_002750,1.96,-0.152,-0.480,-1.357
CN1_002751,2.00,-0.221,0.069,0.513
CN1_002752,2.40,-0.016,-0.325,-1.071
CN1_002753,1.92,-0.117,-0.621,-1.368
CN1_002754,nd,nd,nd,nd
CN1_002755,2.82,nd,,
CN1_002756,nd,0.033,0.325,0.540
CN1_002757,nd,-0.025,-0.042,0.000
CN1_002758,nd,0.749,1.518,3.169
CN1_002759,nd,0.846,1.289,2.010
CN1_002760,nd,nd,nd,4.266
CN1_002761,nd,0.149,0.974,1.797
CN1_002762,3.00,0.220,0.114,-0.102
CN1_002763,nd,0.050,0.102,0.204
CN1_002764,2.04,-0.319,-0.032,-0.053
CN1_002765,2.89,0.269,0.169,0.116
CN1_002766,2.84,-0.167,-0.197,-0.051
CN1_002767,3.25,0.581,0.661,1.065
CN1_002768,2.46,0.207,-0.441,-0.175
CN1_002769,2.73,0.312,0.072,0.010
CN1_002770,1.67,-1.614,-0.882,-0.553
CN1_002771,2.58,-0.153,-0.505,-0.615
CN1_002772,1.76,-0.609,-0.386,-0.934
CN1_002773,3.20,0.554,0.707,1.148
CN1_002774,3.49,0.510,0.728,1.417
CN1_002775,3.15,0.604,0.410,1.240
CN1_002776,2.89,0.356,0.655,0.772
CN1_002777,nd,-0.679,1.633,1.661
CN1_002778,2.68,0.232,0.846,1.300
CN1_002779,2.97,0.589,0.210,-0.021
CN1_002780,3.75,-4.169,-4.542,-4.155
CN1_002781,2.78,0.052,0.161,0.326
CN1_002782,3.06,0.704,0.366,0.820
CN1_002783,nd,0.769,0.296,0.141
CN1_002784,nd,nd,-1.054,-1.364
CN1_002785,2.81,0.354,0.144,0.412
CN1_002786,nd,0.097,0.635,0.047
CN1_002787,2.72,-0.061,0.538,0.854
CN1_002788,3.26,-0.147,-0.189,-0.402
CN1_002789,1.88,-0.644,-0.272,-0.983
CN1_002790,nd,0.481,0.414,0.381
CN1_002791,nd,0.145,0.046,0.146
CN1_002792,3.05,-0.988,0.150,1.607
CN1_002793,3.04,0.082,-0.721,0.095
CN1_002794,2.86,-0.013,-0.242,-0.557
CN1_002795,2.74,0.163,-0.597,-0.685
CN1_002796,1.98,0.023,-0.784,-1.802
CN1_002797,2.21,-0.188,-0.916,-1.678
CN1_002798,nd,0.517,0.927,1.123
CN1_002800,nd,0.032,1.555,2.020
CN1_002801,nd,-0.019,-0.795,-0.396
CN1_002802,nd,-0.160,0.882,0.132
CN1_002803,nd,nd,nd,nd
CN1_002804,3.07,0.177,0.140,0.428
CN1_002805,nd,0.306,0.523,0.985
CN1_002806,4.07,0.754,0.807,0.929
CN1_002807,nd,nd,nd,nd
CN1_002808,nd,0.329,0.716,0.894
CN1_002809,nd,nd,nd,nd
CN1_002810,3.21,0.966,-0.209,0.470
CN1_002811,nd,0.111,0.106,-0.747
CN1_002812,1.46,-0.711,0.435,0.426
CN1_002813,2.35,0.102,-0.131,-0.325
CN1_002814,3.01,0.209,0.351,0.826
CN1_002815,nd,0.628,1.197,1.943
CN1_002816,1.78,-0.268,-0.533,-1.324
CN1_002817,2.19,0.012,-0.399,-0.978
CN1_002818,nd,nd,nd,nd
CN1_002819,3.80,0.845,1.715,3.130
CN1_002820,1.76,-0.796,-0.796,-1.498
CN1_002821,2.83,0.628,0.527,0.361
CN1_002822,2.66,0.000,0.263,-0.339
CN1_002823,2.85,0.171,0.206,0.172
CN1_002824,2.47,0.284,0.791,-0.139
CN1_002825,2.46,0.267,0.269,0.746
CN1_002826,2.08,-0.033,-0.233,-0.623
CN1_002827,2.45,0.113,-0.114,-0.724
CN1_002828,2.21,-1.092,-1.131,-1.709
CN1_002830,3.16,0.645,0.146,-0.208
CN1_002831,2.70,0.319,-0.019,-0.065
CN1_002832,nd,0.082,0.231,-0.524
CN1_002833,nd,0.136,0.100,0.110
CN1_002834,nd,-0.025,0.871,1.152
CN1_002835,2.98,0.576,0.405,0.590
